task_id,pool,label,status,attempts,return_code,seconds,last_log_path,error_message
grid_candidate_0001,grid,grid_candidate_0001,completed,1,0,17.898341,/home/hzw/Rethinking_GNN_DP/paper_experiments/figure1/search_phase_1/family3/hoa/normal_random/dataset=cora/feature=random_normal/feature_dim=3200/scale=1024/random_normal_mean=0/random_normal_std=0.5/mechanism=mbm/x_eps=inf/m=best/norm=false/smoother=hoa/backbone=sage/use_nfr=false/logs/grid_candidate_0001_attempt_1.log,
grid_candidate_0005,grid,grid_candidate_0005,completed,1,0,17.762499,/home/hzw/Rethinking_GNN_DP/paper_experiments/figure1/search_phase_1/family3/hoa/normal_random/dataset=cora/feature=random_normal/feature_dim=3200/scale=1024/random_normal_mean=0/random_normal_std=0.5/mechanism=mbm/x_eps=inf/m=best/norm=false/smoother=hoa/backbone=sage/use_nfr=false/logs/grid_candidate_0005_attempt_1.log,
grid_candidate_0002,grid,grid_candidate_0002,completed,1,0,18.728275,/home/hzw/Rethinking_GNN_DP/paper_experiments/figure1/search_phase_1/family3/hoa/normal_random/dataset=cora/feature=random_normal/feature_dim=3200/scale=1024/random_normal_mean=0/random_normal_std=0.5/mechanism=mbm/x_eps=inf/m=best/norm=false/smoother=hoa/backbone=sage/use_nfr=false/logs/grid_candidate_0002_attempt_1.log,
grid_candidate_0003,grid,grid_candidate_0003,completed,1,0,19.336382,/home/hzw/Rethinking_GNN_DP/paper_experiments/figure1/search_phase_1/family3/hoa/normal_random/dataset=cora/feature=random_normal/feature_dim=3200/scale=1024/random_normal_mean=0/random_normal_std=0.5/mechanism=mbm/x_eps=inf/m=best/norm=false/smoother=hoa/backbone=sage/use_nfr=false/logs/grid_candidate_0003_attempt_1.log,
grid_candidate_0004,grid,grid_candidate_0004,completed,1,0,19.446795,/home/hzw/Rethinking_GNN_DP/paper_experiments/figure1/search_phase_1/family3/hoa/normal_random/dataset=cora/feature=random_normal/feature_dim=3200/scale=1024/random_normal_mean=0/random_normal_std=0.5/mechanism=mbm/x_eps=inf/m=best/norm=false/smoother=hoa/backbone=sage/use_nfr=false/logs/grid_candidate_0004_attempt_1.log,
grid_candidate_0010,grid,grid_candidate_0010,completed,1,0,19.149672,/home/hzw/Rethinking_GNN_DP/paper_experiments/figure1/search_phase_1/family3/hoa/normal_random/dataset=cora/feature=random_normal/feature_dim=3200/scale=1024/random_normal_mean=0/random_normal_std=0.5/mechanism=mbm/x_eps=inf/m=best/norm=false/smoother=hoa/backbone=sage/use_nfr=false/logs/grid_candidate_0010_attempt_1.log,
grid_candidate_0017,grid,grid_candidate_0017,completed,1,0,16.577406,/home/hzw/Rethinking_GNN_DP/paper_experiments/figure1/search_phase_1/family3/hoa/normal_random/dataset=cora/feature=random_normal/feature_dim=3200/scale=1024/random_normal_mean=0/random_normal_std=0.5/mechanism=mbm/x_eps=inf/m=best/norm=false/smoother=hoa/backbone=sage/use_nfr=false/logs/grid_candidate_0017_attempt_1.log,
grid_candidate_0011,grid,grid_candidate_0011,completed,1,0,19.974037,/home/hzw/Rethinking_GNN_DP/paper_experiments/figure1/search_phase_1/family3/hoa/normal_random/dataset=cora/feature=random_normal/feature_dim=3200/scale=1024/random_normal_mean=0/random_normal_std=0.5/mechanism=mbm/x_eps=inf/m=best/norm=false/smoother=hoa/backbone=sage/use_nfr=false/logs/grid_candidate_0011_attempt_1.log,
grid_candidate_0014,grid,grid_candidate_0014,completed,1,0,19.666546,/home/hzw/Rethinking_GNN_DP/paper_experiments/figure1/search_phase_1/family3/hoa/normal_random/dataset=cora/feature=random_normal/feature_dim=3200/scale=1024/random_normal_mean=0/random_normal_std=0.5/mechanism=mbm/x_eps=inf/m=best/norm=false/smoother=hoa/backbone=sage/use_nfr=false/logs/grid_candidate_0014_attempt_1.log,
grid_candidate_0008,grid,grid_candidate_0008,completed,1,0,20.482485,/home/hzw/Rethinking_GNN_DP/paper_experiments/figure1/search_phase_1/family3/hoa/normal_random/dataset=cora/feature=random_normal/feature_dim=3200/scale=1024/random_normal_mean=0/random_normal_std=0.5/mechanism=mbm/x_eps=inf/m=best/norm=false/smoother=hoa/backbone=sage/use_nfr=false/logs/grid_candidate_0008_attempt_1.log,
grid_candidate_0012,grid,grid_candidate_0012,completed,1,0,20.178519,/home/hzw/Rethinking_GNN_DP/paper_experiments/figure1/search_phase_1/family3/hoa/normal_random/dataset=cora/feature=random_normal/feature_dim=3200/scale=1024/random_normal_mean=0/random_normal_std=0.5/mechanism=mbm/x_eps=inf/m=best/norm=false/smoother=hoa/backbone=sage/use_nfr=false/logs/grid_candidate_0012_attempt_1.log,
grid_candidate_0015,grid,grid_candidate_0015,completed,1,0,19.869848,/home/hzw/Rethinking_GNN_DP/paper_experiments/figure1/search_phase_1/family3/hoa/normal_random/dataset=cora/feature=random_normal/feature_dim=3200/scale=1024/random_normal_mean=0/random_normal_std=0.5/mechanism=mbm/x_eps=inf/m=best/norm=false/smoother=hoa/backbone=sage/use_nfr=false/logs/grid_candidate_0015_attempt_1.log,
grid_candidate_0016,grid,grid_candidate_0016,completed,1,0,18.638484,/home/hzw/Rethinking_GNN_DP/paper_experiments/figure1/search_phase_1/family3/hoa/normal_random/dataset=cora/feature=random_normal/feature_dim=3200/scale=1024/random_normal_mean=0/random_normal_std=0.5/mechanism=mbm/x_eps=inf/m=best/norm=false/smoother=hoa/backbone=sage/use_nfr=false/logs/grid_candidate_0016_attempt_1.log,
grid_candidate_0013,grid,grid_candidate_0013,completed,1,0,20.380331,/home/hzw/Rethinking_GNN_DP/paper_experiments/figure1/search_phase_1/family3/hoa/normal_random/dataset=cora/feature=random_normal/feature_dim=3200/scale=1024/random_normal_mean=0/random_normal_std=0.5/mechanism=mbm/x_eps=inf/m=best/norm=false/smoother=hoa/backbone=sage/use_nfr=false/logs/grid_candidate_0013_attempt_1.log,
grid_candidate_0009,grid,grid_candidate_0009,completed,1,0,20.892429,/home/hzw/Rethinking_GNN_DP/paper_experiments/figure1/search_phase_1/family3/hoa/normal_random/dataset=cora/feature=random_normal/feature_dim=3200/scale=1024/random_normal_mean=0/random_normal_std=0.5/mechanism=mbm/x_eps=inf/m=best/norm=false/smoother=hoa/backbone=sage/use_nfr=false/logs/grid_candidate_0009_attempt_1.log,
grid_candidate_0007,grid,grid_candidate_0007,completed,1,0,21.198783,/home/hzw/Rethinking_GNN_DP/paper_experiments/figure1/search_phase_1/family3/hoa/normal_random/dataset=cora/feature=random_normal/feature_dim=3200/scale=1024/random_normal_mean=0/random_normal_std=0.5/mechanism=mbm/x_eps=inf/m=best/norm=false/smoother=hoa/backbone=sage/use_nfr=false/logs/grid_candidate_0007_attempt_1.log,
grid_candidate_0018,grid,grid_candidate_0018,completed,1,0,18.111690,/home/hzw/Rethinking_GNN_DP/paper_experiments/figure1/search_phase_1/family3/hoa/normal_random/dataset=cora/feature=random_normal/feature_dim=3200/scale=1024/random_normal_mean=0/random_normal_std=0.5/mechanism=mbm/x_eps=inf/m=best/norm=false/smoother=hoa/backbone=sage/use_nfr=false/logs/grid_candidate_0018_attempt_1.log,
grid_candidate_0020,grid,grid_candidate_0020,completed,1,0,16.437807,/home/hzw/Rethinking_GNN_DP/paper_experiments/figure1/search_phase_1/family3/hoa/normal_random/dataset=cora/feature=random_normal/feature_dim=3200/scale=1024/random_normal_mean=0/random_normal_std=0.5/mechanism=mbm/x_eps=inf/m=best/norm=false/smoother=hoa/backbone=sage/use_nfr=false/logs/grid_candidate_0020_attempt_1.log,
grid_candidate_0022,grid,grid_candidate_0022,completed,1,0,15.615427,/home/hzw/Rethinking_GNN_DP/paper_experiments/figure1/search_phase_1/family3/hoa/normal_random/dataset=cora/feature=random_normal/feature_dim=3200/scale=1024/random_normal_mean=0/random_normal_std=0.5/mechanism=mbm/x_eps=inf/m=best/norm=false/smoother=hoa/backbone=sage/use_nfr=false/logs/grid_candidate_0022_attempt_1.log,
grid_candidate_0019,grid,grid_candidate_0019,completed,1,0,18.411988,/home/hzw/Rethinking_GNN_DP/paper_experiments/figure1/search_phase_1/family3/hoa/normal_random/dataset=cora/feature=random_normal/feature_dim=3200/scale=1024/random_normal_mean=0/random_normal_std=0.5/mechanism=mbm/x_eps=inf/m=best/norm=false/smoother=hoa/backbone=sage/use_nfr=false/logs/grid_candidate_0019_attempt_1.log,
grid_candidate_0006,grid,grid_candidate_0006,completed,1,0,21.809030,/home/hzw/Rethinking_GNN_DP/paper_experiments/figure1/search_phase_1/family3/hoa/normal_random/dataset=cora/feature=random_normal/feature_dim=3200/scale=1024/random_normal_mean=0/random_normal_std=0.5/mechanism=mbm/x_eps=inf/m=best/norm=false/smoother=hoa/backbone=sage/use_nfr=false/logs/grid_candidate_0006_attempt_1.log,
grid_candidate_0021,grid,grid_candidate_0021,completed,1,0,16.026159,/home/hzw/Rethinking_GNN_DP/paper_experiments/figure1/search_phase_1/family3/hoa/normal_random/dataset=cora/feature=random_normal/feature_dim=3200/scale=1024/random_normal_mean=0/random_normal_std=0.5/mechanism=mbm/x_eps=inf/m=best/norm=false/smoother=hoa/backbone=sage/use_nfr=false/logs/grid_candidate_0021_attempt_1.log,
grid_candidate_0024,grid,grid_candidate_0024,completed,1,0,17.122462,/home/hzw/Rethinking_GNN_DP/paper_experiments/figure1/search_phase_1/family3/hoa/normal_random/dataset=cora/feature=random_normal/feature_dim=3200/scale=1024/random_normal_mean=0/random_normal_std=0.5/mechanism=mbm/x_eps=inf/m=best/norm=false/smoother=hoa/backbone=sage/use_nfr=false/logs/grid_candidate_0024_attempt_1.log,
grid_candidate_0023,grid,grid_candidate_0023,completed,1,0,17.745898,/home/hzw/Rethinking_GNN_DP/paper_experiments/figure1/search_phase_1/family3/hoa/normal_random/dataset=cora/feature=random_normal/feature_dim=3200/scale=1024/random_normal_mean=0/random_normal_std=0.5/mechanism=mbm/x_eps=inf/m=best/norm=false/smoother=hoa/backbone=sage/use_nfr=false/logs/grid_candidate_0023_attempt_1.log,
grid_candidate_0028,grid,grid_candidate_0028,completed,1,0,16.687244,/home/hzw/Rethinking_GNN_DP/paper_experiments/figure1/search_phase_1/family3/hoa/normal_random/dataset=cora/feature=random_normal/feature_dim=3200/scale=1024/random_normal_mean=0/random_normal_std=0.5/mechanism=mbm/x_eps=inf/m=best/norm=false/smoother=hoa/backbone=sage/use_nfr=false/logs/grid_candidate_0028_attempt_1.log,
grid_candidate_0027,grid,grid_candidate_0027,completed,1,0,17.403357,/home/hzw/Rethinking_GNN_DP/paper_experiments/figure1/search_phase_1/family3/hoa/normal_random/dataset=cora/feature=random_normal/feature_dim=3200/scale=1024/random_normal_mean=0/random_normal_std=0.5/mechanism=mbm/x_eps=inf/m=best/norm=false/smoother=hoa/backbone=sage/use_nfr=false/logs/grid_candidate_0027_attempt_1.log,
grid_candidate_0025,grid,grid_candidate_0025,completed,1,0,17.930700,/home/hzw/Rethinking_GNN_DP/paper_experiments/figure1/search_phase_1/family3/hoa/normal_random/dataset=cora/feature=random_normal/feature_dim=3200/scale=1024/random_normal_mean=0/random_normal_std=0.5/mechanism=mbm/x_eps=inf/m=best/norm=false/smoother=hoa/backbone=sage/use_nfr=false/logs/grid_candidate_0025_attempt_1.log,
grid_candidate_0030,grid,grid_candidate_0030,completed,1,0,17.468455,/home/hzw/Rethinking_GNN_DP/paper_experiments/figure1/search_phase_1/family3/hoa/normal_random/dataset=cora/feature=random_normal/feature_dim=3200/scale=1024/random_normal_mean=0/random_normal_std=0.5/mechanism=mbm/x_eps=inf/m=best/norm=false/smoother=hoa/backbone=sage/use_nfr=false/logs/grid_candidate_0030_attempt_1.log,
grid_candidate_0032,grid,grid_candidate_0032,completed,1,0,17.956892,/home/hzw/Rethinking_GNN_DP/paper_experiments/figure1/search_phase_1/family3/hoa/normal_random/dataset=cora/feature=random_normal/feature_dim=3200/scale=1024/random_normal_mean=0/random_normal_std=0.5/mechanism=mbm/x_eps=inf/m=best/norm=false/smoother=hoa/backbone=sage/use_nfr=false/logs/grid_candidate_0032_attempt_1.log,
grid_candidate_0026,grid,grid_candidate_0026,completed,1,0,19.538675,/home/hzw/Rethinking_GNN_DP/paper_experiments/figure1/search_phase_1/family3/hoa/normal_random/dataset=cora/feature=random_normal/feature_dim=3200/scale=1024/random_normal_mean=0/random_normal_std=0.5/mechanism=mbm/x_eps=inf/m=best/norm=false/smoother=hoa/backbone=sage/use_nfr=false/logs/grid_candidate_0026_attempt_1.log,
grid_candidate_0035,grid,grid_candidate_0035,completed,1,0,17.533048,/home/hzw/Rethinking_GNN_DP/paper_experiments/figure1/search_phase_1/family3/hoa/normal_random/dataset=cora/feature=random_normal/feature_dim=3200/scale=1024/random_normal_mean=0/random_normal_std=0.5/mechanism=mbm/x_eps=inf/m=best/norm=false/smoother=hoa/backbone=sage/use_nfr=false/logs/grid_candidate_0035_attempt_1.log,
grid_candidate_0031,grid,grid_candidate_0031,completed,1,0,19.092635,/home/hzw/Rethinking_GNN_DP/paper_experiments/figure1/search_phase_1/family3/hoa/normal_random/dataset=cora/feature=random_normal/feature_dim=3200/scale=1024/random_normal_mean=0/random_normal_std=0.5/mechanism=mbm/x_eps=inf/m=best/norm=false/smoother=hoa/backbone=sage/use_nfr=false/logs/grid_candidate_0031_attempt_1.log,
grid_candidate_0033,grid,grid_candidate_0033,completed,1,0,18.671327,/home/hzw/Rethinking_GNN_DP/paper_experiments/figure1/search_phase_1/family3/hoa/normal_random/dataset=cora/feature=random_normal/feature_dim=3200/scale=1024/random_normal_mean=0/random_normal_std=0.5/mechanism=mbm/x_eps=inf/m=best/norm=false/smoother=hoa/backbone=sage/use_nfr=false/logs/grid_candidate_0033_attempt_1.log,
grid_candidate_0038,grid,grid_candidate_0038,completed,1,0,17.561370,/home/hzw/Rethinking_GNN_DP/paper_experiments/figure1/search_phase_1/family3/hoa/normal_random/dataset=cora/feature=random_normal/feature_dim=3200/scale=1024/random_normal_mean=0/random_normal_std=0.5/mechanism=mbm/x_eps=inf/m=best/norm=false/smoother=hoa/backbone=sage/use_nfr=false/logs/grid_candidate_0038_attempt_1.log,
grid_candidate_0029,grid,grid_candidate_0029,completed,1,0,20.250573,/home/hzw/Rethinking_GNN_DP/paper_experiments/figure1/search_phase_1/family3/hoa/normal_random/dataset=cora/feature=random_normal/feature_dim=3200/scale=1024/random_normal_mean=0/random_normal_std=0.5/mechanism=mbm/x_eps=inf/m=best/norm=false/smoother=hoa/backbone=sage/use_nfr=false/logs/grid_candidate_0029_attempt_1.log,
grid_candidate_0052,grid,grid_candidate_0052,completed,1,0,17.247138,/home/hzw/Rethinking_GNN_DP/paper_experiments/figure1/search_phase_1/family3/hoa/normal_random/dataset=cora/feature=random_normal/feature_dim=3200/scale=1024/random_normal_mean=0/random_normal_std=0.5/mechanism=mbm/x_eps=inf/m=best/norm=false/smoother=hoa/backbone=sage/use_nfr=false/logs/grid_candidate_0052_attempt_1.log,
grid_candidate_0043,grid,grid_candidate_0043,completed,1,0,18.987260,/home/hzw/Rethinking_GNN_DP/paper_experiments/figure1/search_phase_1/family3/hoa/normal_random/dataset=cora/feature=random_normal/feature_dim=3200/scale=1024/random_normal_mean=0/random_normal_std=0.5/mechanism=mbm/x_eps=inf/m=best/norm=false/smoother=hoa/backbone=sage/use_nfr=false/logs/grid_candidate_0043_attempt_1.log,
grid_candidate_0040,grid,grid_candidate_0040,completed,1,0,19.511460,/home/hzw/Rethinking_GNN_DP/paper_experiments/figure1/search_phase_1/family3/hoa/normal_random/dataset=cora/feature=random_normal/feature_dim=3200/scale=1024/random_normal_mean=0/random_normal_std=0.5/mechanism=mbm/x_eps=inf/m=best/norm=false/smoother=hoa/backbone=sage/use_nfr=false/logs/grid_candidate_0040_attempt_1.log,
grid_candidate_0034,grid,grid_candidate_0034,completed,1,0,20.458685,/home/hzw/Rethinking_GNN_DP/paper_experiments/figure1/search_phase_1/family3/hoa/normal_random/dataset=cora/feature=random_normal/feature_dim=3200/scale=1024/random_normal_mean=0/random_normal_std=0.5/mechanism=mbm/x_eps=inf/m=best/norm=false/smoother=hoa/backbone=sage/use_nfr=false/logs/grid_candidate_0034_attempt_1.log,
grid_candidate_0042,grid,grid_candidate_0042,completed,1,0,19.636617,/home/hzw/Rethinking_GNN_DP/paper_experiments/figure1/search_phase_1/family3/hoa/normal_random/dataset=cora/feature=random_normal/feature_dim=3200/scale=1024/random_normal_mean=0/random_normal_std=0.5/mechanism=mbm/x_eps=inf/m=best/norm=false/smoother=hoa/backbone=sage/use_nfr=false/logs/grid_candidate_0042_attempt_1.log,
grid_candidate_0036,grid,grid_candidate_0036,completed,1,0,20.464871,/home/hzw/Rethinking_GNN_DP/paper_experiments/figure1/search_phase_1/family3/hoa/normal_random/dataset=cora/feature=random_normal/feature_dim=3200/scale=1024/random_normal_mean=0/random_normal_std=0.5/mechanism=mbm/x_eps=inf/m=best/norm=false/smoother=hoa/backbone=sage/use_nfr=false/logs/grid_candidate_0036_attempt_1.log,
grid_candidate_0037,grid,grid_candidate_0037,completed,1,0,20.465130,/home/hzw/Rethinking_GNN_DP/paper_experiments/figure1/search_phase_1/family3/hoa/normal_random/dataset=cora/feature=random_normal/feature_dim=3200/scale=1024/random_normal_mean=0/random_normal_std=0.5/mechanism=mbm/x_eps=inf/m=best/norm=false/smoother=hoa/backbone=sage/use_nfr=false/logs/grid_candidate_0037_attempt_1.log,
grid_candidate_0039,grid,grid_candidate_0039,completed,1,0,20.354826,/home/hzw/Rethinking_GNN_DP/paper_experiments/figure1/search_phase_1/family3/hoa/normal_random/dataset=cora/feature=random_normal/feature_dim=3200/scale=1024/random_normal_mean=0/random_normal_std=0.5/mechanism=mbm/x_eps=inf/m=best/norm=false/smoother=hoa/backbone=sage/use_nfr=false/logs/grid_candidate_0039_attempt_1.log,
grid_candidate_0041,grid,grid_candidate_0041,completed,1,0,20.253952,/home/hzw/Rethinking_GNN_DP/paper_experiments/figure1/search_phase_1/family3/hoa/normal_random/dataset=cora/feature=random_normal/feature_dim=3200/scale=1024/random_normal_mean=0/random_normal_std=0.5/mechanism=mbm/x_eps=inf/m=best/norm=false/smoother=hoa/backbone=sage/use_nfr=false/logs/grid_candidate_0041_attempt_1.log,
grid_candidate_0053,grid,grid_candidate_0053,completed,1,0,18.515460,/home/hzw/Rethinking_GNN_DP/paper_experiments/figure1/search_phase_1/family3/hoa/normal_random/dataset=cora/feature=random_normal/feature_dim=3200/scale=1024/random_normal_mean=0/random_normal_std=0.5/mechanism=mbm/x_eps=inf/m=best/norm=false/smoother=hoa/backbone=sage/use_nfr=false/logs/grid_candidate_0053_attempt_1.log,
grid_candidate_0048,grid,grid_candidate_0048,completed,1,0,19.337002,/home/hzw/Rethinking_GNN_DP/paper_experiments/figure1/search_phase_1/family3/hoa/normal_random/dataset=cora/feature=random_normal/feature_dim=3200/scale=1024/random_normal_mean=0/random_normal_std=0.5/mechanism=mbm/x_eps=inf/m=best/norm=false/smoother=hoa/backbone=sage/use_nfr=false/logs/grid_candidate_0048_attempt_1.log,
grid_candidate_0051,grid,grid_candidate_0051,completed,1,0,19.149218,/home/hzw/Rethinking_GNN_DP/paper_experiments/figure1/search_phase_1/family3/hoa/normal_random/dataset=cora/feature=random_normal/feature_dim=3200/scale=1024/random_normal_mean=0/random_normal_std=0.5/mechanism=mbm/x_eps=inf/m=best/norm=false/smoother=hoa/backbone=sage/use_nfr=false/logs/grid_candidate_0051_attempt_1.log,
grid_candidate_0049,grid,grid_candidate_0049,completed,1,0,19.456092,/home/hzw/Rethinking_GNN_DP/paper_experiments/figure1/search_phase_1/family3/hoa/normal_random/dataset=cora/feature=random_normal/feature_dim=3200/scale=1024/random_normal_mean=0/random_normal_std=0.5/mechanism=mbm/x_eps=inf/m=best/norm=false/smoother=hoa/backbone=sage/use_nfr=false/logs/grid_candidate_0049_attempt_1.log,
grid_candidate_0046,grid,grid_candidate_0046,completed,1,0,19.963471,/home/hzw/Rethinking_GNN_DP/paper_experiments/figure1/search_phase_1/family3/hoa/normal_random/dataset=cora/feature=random_normal/feature_dim=3200/scale=1024/random_normal_mean=0/random_normal_std=0.5/mechanism=mbm/x_eps=inf/m=best/norm=false/smoother=hoa/backbone=sage/use_nfr=false/logs/grid_candidate_0046_attempt_1.log,
grid_candidate_0044,grid,grid_candidate_0044,completed,1,0,20.684481,/home/hzw/Rethinking_GNN_DP/paper_experiments/figure1/search_phase_1/family3/hoa/normal_random/dataset=cora/feature=random_normal/feature_dim=3200/scale=1024/random_normal_mean=0/random_normal_std=0.5/mechanism=mbm/x_eps=inf/m=best/norm=false/smoother=hoa/backbone=sage/use_nfr=false/logs/grid_candidate_0044_attempt_1.log,
grid_candidate_0047,grid,grid_candidate_0047,completed,1,0,20.069665,/home/hzw/Rethinking_GNN_DP/paper_experiments/figure1/search_phase_1/family3/hoa/normal_random/dataset=cora/feature=random_normal/feature_dim=3200/scale=1024/random_normal_mean=0/random_normal_std=0.5/mechanism=mbm/x_eps=inf/m=best/norm=false/smoother=hoa/backbone=sage/use_nfr=false/logs/grid_candidate_0047_attempt_1.log,
grid_candidate_0045,grid,grid_candidate_0045,completed,1,0,20.580844,/home/hzw/Rethinking_GNN_DP/paper_experiments/figure1/search_phase_1/family3/hoa/normal_random/dataset=cora/feature=random_normal/feature_dim=3200/scale=1024/random_normal_mean=0/random_normal_std=0.5/mechanism=mbm/x_eps=inf/m=best/norm=false/smoother=hoa/backbone=sage/use_nfr=false/logs/grid_candidate_0045_attempt_1.log,
grid_candidate_0054,grid,grid_candidate_0054,completed,1,0,17.804761,/home/hzw/Rethinking_GNN_DP/paper_experiments/figure1/search_phase_1/family3/hoa/normal_random/dataset=cora/feature=random_normal/feature_dim=3200/scale=1024/random_normal_mean=0/random_normal_std=0.5/mechanism=mbm/x_eps=inf/m=best/norm=false/smoother=hoa/backbone=sage/use_nfr=false/logs/grid_candidate_0054_attempt_1.log,
grid_candidate_0050,grid,grid_candidate_0050,completed,1,0,20.170215,/home/hzw/Rethinking_GNN_DP/paper_experiments/figure1/search_phase_1/family3/hoa/normal_random/dataset=cora/feature=random_normal/feature_dim=3200/scale=1024/random_normal_mean=0/random_normal_std=0.5/mechanism=mbm/x_eps=inf/m=best/norm=false/smoother=hoa/backbone=sage/use_nfr=false/logs/grid_candidate_0050_attempt_1.log,
grid_candidate_0055,grid,grid_candidate_0055,completed,1,0,15.122224,/home/hzw/Rethinking_GNN_DP/paper_experiments/figure1/search_phase_1/family3/hoa/normal_random/dataset=cora/feature=random_normal/feature_dim=3200/scale=1024/random_normal_mean=0/random_normal_std=0.5/mechanism=mbm/x_eps=inf/m=best/norm=false/smoother=hoa/backbone=sage/use_nfr=false/logs/grid_candidate_0055_attempt_1.log,
grid_candidate_0056,grid,grid_candidate_0056,completed,1,0,15.119217,/home/hzw/Rethinking_GNN_DP/paper_experiments/figure1/search_phase_1/family3/hoa/normal_random/dataset=cora/feature=random_normal/feature_dim=3200/scale=1024/random_normal_mean=0/random_normal_std=0.5/mechanism=mbm/x_eps=inf/m=best/norm=false/smoother=hoa/backbone=sage/use_nfr=false/logs/grid_candidate_0056_attempt_1.log,
grid_candidate_0057,grid,grid_candidate_0057,completed,1,0,16.637735,/home/hzw/Rethinking_GNN_DP/paper_experiments/figure1/search_phase_1/family3/hoa/normal_random/dataset=cora/feature=random_normal/feature_dim=3200/scale=1024/random_normal_mean=0/random_normal_std=0.5/mechanism=mbm/x_eps=inf/m=best/norm=false/smoother=hoa/backbone=sage/use_nfr=false/logs/grid_candidate_0057_attempt_1.log,
grid_candidate_0060,grid,grid_candidate_0060,completed,1,0,16.962124,/home/hzw/Rethinking_GNN_DP/paper_experiments/figure1/search_phase_1/family3/hoa/normal_random/dataset=cora/feature=random_normal/feature_dim=3200/scale=1024/random_normal_mean=0/random_normal_std=0.5/mechanism=mbm/x_eps=inf/m=best/norm=false/smoother=hoa/backbone=sage/use_nfr=false/logs/grid_candidate_0060_attempt_1.log,
grid_candidate_0061,grid,grid_candidate_0061,completed,1,0,17.270542,/home/hzw/Rethinking_GNN_DP/paper_experiments/figure1/search_phase_1/family3/hoa/normal_random/dataset=cora/feature=random_normal/feature_dim=3200/scale=1024/random_normal_mean=0/random_normal_std=0.5/mechanism=mbm/x_eps=inf/m=best/norm=false/smoother=hoa/backbone=sage/use_nfr=false/logs/grid_candidate_0061_attempt_1.log,
grid_candidate_0062,grid,grid_candidate_0062,completed,1,0,20.147195,/home/hzw/Rethinking_GNN_DP/paper_experiments/figure1/search_phase_1/family3/hoa/normal_random/dataset=cora/feature=random_normal/feature_dim=3200/scale=1024/random_normal_mean=0/random_normal_std=0.5/mechanism=mbm/x_eps=inf/m=best/norm=false/smoother=hoa/backbone=sage/use_nfr=false/logs/grid_candidate_0062_attempt_1.log,
grid_candidate_0059,grid,grid_candidate_0059,completed,1,0,21.115417,/home/hzw/Rethinking_GNN_DP/paper_experiments/figure1/search_phase_1/family3/hoa/normal_random/dataset=cora/feature=random_normal/feature_dim=3200/scale=1024/random_normal_mean=0/random_normal_std=0.5/mechanism=mbm/x_eps=inf/m=best/norm=false/smoother=hoa/backbone=sage/use_nfr=false/logs/grid_candidate_0059_attempt_1.log,
grid_candidate_0064,grid,grid_candidate_0064,completed,1,0,19.005186,/home/hzw/Rethinking_GNN_DP/paper_experiments/figure1/search_phase_1/family3/hoa/normal_random/dataset=cora/feature=random_normal/feature_dim=3200/scale=1024/random_normal_mean=0/random_normal_std=0.5/mechanism=mbm/x_eps=inf/m=best/norm=false/smoother=hoa/backbone=sage/use_nfr=false/logs/grid_candidate_0064_attempt_1.log,
grid_candidate_0058,grid,grid_candidate_0058,completed,1,0,21.739436,/home/hzw/Rethinking_GNN_DP/paper_experiments/figure1/search_phase_1/family3/hoa/normal_random/dataset=cora/feature=random_normal/feature_dim=3200/scale=1024/random_normal_mean=0/random_normal_std=0.5/mechanism=mbm/x_eps=inf/m=best/norm=false/smoother=hoa/backbone=sage/use_nfr=false/logs/grid_candidate_0058_attempt_1.log,
grid_candidate_0063,grid,grid_candidate_0063,completed,1,0,20.248049,/home/hzw/Rethinking_GNN_DP/paper_experiments/figure1/search_phase_1/family3/hoa/normal_random/dataset=cora/feature=random_normal/feature_dim=3200/scale=1024/random_normal_mean=0/random_normal_std=0.5/mechanism=mbm/x_eps=inf/m=best/norm=false/smoother=hoa/backbone=sage/use_nfr=false/logs/grid_candidate_0063_attempt_1.log,
grid_candidate_0065,grid,grid_candidate_0065,completed,1,0,19.141191,/home/hzw/Rethinking_GNN_DP/paper_experiments/figure1/search_phase_1/family3/hoa/normal_random/dataset=cora/feature=random_normal/feature_dim=3200/scale=1024/random_normal_mean=0/random_normal_std=0.5/mechanism=mbm/x_eps=inf/m=best/norm=false/smoother=hoa/backbone=sage/use_nfr=false/logs/grid_candidate_0065_attempt_1.log,
grid_candidate_0067,grid,grid_candidate_0067,completed,1,0,20.169791,/home/hzw/Rethinking_GNN_DP/paper_experiments/figure1/search_phase_1/family3/hoa/normal_random/dataset=cora/feature=random_normal/feature_dim=3200/scale=1024/random_normal_mean=0/random_normal_std=0.5/mechanism=mbm/x_eps=inf/m=best/norm=false/smoother=hoa/backbone=sage/use_nfr=false/logs/grid_candidate_0067_attempt_1.log,
grid_candidate_0073,grid,grid_candidate_0073,completed,1,0,17.010137,/home/hzw/Rethinking_GNN_DP/paper_experiments/figure1/search_phase_1/family3/hoa/normal_random/dataset=cora/feature=random_normal/feature_dim=3200/scale=1024/random_normal_mean=0/random_normal_std=0.5/mechanism=mbm/x_eps=inf/m=best/norm=false/smoother=hoa/backbone=sage/use_nfr=false/logs/grid_candidate_0073_attempt_1.log,
grid_candidate_0070,grid,grid_candidate_0070,completed,1,0,19.761203,/home/hzw/Rethinking_GNN_DP/paper_experiments/figure1/search_phase_1/family3/hoa/normal_random/dataset=cora/feature=random_normal/feature_dim=3200/scale=1024/random_normal_mean=0/random_normal_std=0.5/mechanism=mbm/x_eps=inf/m=best/norm=false/smoother=hoa/backbone=sage/use_nfr=false/logs/grid_candidate_0070_attempt_1.log,
grid_candidate_0066,grid,grid_candidate_0066,completed,1,0,20.782177,/home/hzw/Rethinking_GNN_DP/paper_experiments/figure1/search_phase_1/family3/hoa/normal_random/dataset=cora/feature=random_normal/feature_dim=3200/scale=1024/random_normal_mean=0/random_normal_std=0.5/mechanism=mbm/x_eps=inf/m=best/norm=false/smoother=hoa/backbone=sage/use_nfr=false/logs/grid_candidate_0066_attempt_1.log,
grid_candidate_0071,grid,grid_candidate_0071,completed,1,0,19.761133,/home/hzw/Rethinking_GNN_DP/paper_experiments/figure1/search_phase_1/family3/hoa/normal_random/dataset=cora/feature=random_normal/feature_dim=3200/scale=1024/random_normal_mean=0/random_normal_std=0.5/mechanism=mbm/x_eps=inf/m=best/norm=false/smoother=hoa/backbone=sage/use_nfr=false/logs/grid_candidate_0071_attempt_1.log,
grid_candidate_0074,grid,grid_candidate_0074,completed,1,0,16.605913,/home/hzw/Rethinking_GNN_DP/paper_experiments/figure1/search_phase_1/family3/hoa/normal_random/dataset=cora/feature=random_normal/feature_dim=3200/scale=1024/random_normal_mean=0/random_normal_std=0.5/mechanism=mbm/x_eps=inf/m=best/norm=false/smoother=hoa/backbone=sage/use_nfr=false/logs/grid_candidate_0074_attempt_1.log,
grid_candidate_0069,grid,grid_candidate_0069,completed,1,0,20.475035,/home/hzw/Rethinking_GNN_DP/paper_experiments/figure1/search_phase_1/family3/hoa/normal_random/dataset=cora/feature=random_normal/feature_dim=3200/scale=1024/random_normal_mean=0/random_normal_std=0.5/mechanism=mbm/x_eps=inf/m=best/norm=false/smoother=hoa/backbone=sage/use_nfr=false/logs/grid_candidate_0069_attempt_1.log,
grid_candidate_0072,grid,grid_candidate_0072,completed,1,0,18.236140,/home/hzw/Rethinking_GNN_DP/paper_experiments/figure1/search_phase_1/family3/hoa/normal_random/dataset=cora/feature=random_normal/feature_dim=3200/scale=1024/random_normal_mean=0/random_normal_std=0.5/mechanism=mbm/x_eps=inf/m=best/norm=false/smoother=hoa/backbone=sage/use_nfr=false/logs/grid_candidate_0072_attempt_1.log,
grid_candidate_0068,grid,grid_candidate_0068,completed,1,0,20.986101,/home/hzw/Rethinking_GNN_DP/paper_experiments/figure1/search_phase_1/family3/hoa/normal_random/dataset=cora/feature=random_normal/feature_dim=3200/scale=1024/random_normal_mean=0/random_normal_std=0.5/mechanism=mbm/x_eps=inf/m=best/norm=false/smoother=hoa/backbone=sage/use_nfr=false/logs/grid_candidate_0068_attempt_1.log,
grid_candidate_0075,grid,grid_candidate_0075,completed,1,0,16.512595,/home/hzw/Rethinking_GNN_DP/paper_experiments/figure1/search_phase_1/family3/hoa/normal_random/dataset=cora/feature=random_normal/feature_dim=3200/scale=1024/random_normal_mean=0/random_normal_std=0.5/mechanism=mbm/x_eps=inf/m=best/norm=false/smoother=hoa/backbone=sage/use_nfr=false/logs/grid_candidate_0075_attempt_1.log,
grid_candidate_0076,grid,grid_candidate_0076,completed,1,0,17.831653,/home/hzw/Rethinking_GNN_DP/paper_experiments/figure1/search_phase_1/family3/hoa/normal_random/dataset=cora/feature=random_normal/feature_dim=3200/scale=1024/random_normal_mean=0/random_normal_std=0.5/mechanism=mbm/x_eps=inf/m=best/norm=false/smoother=hoa/backbone=sage/use_nfr=false/logs/grid_candidate_0076_attempt_1.log,
grid_candidate_0080,grid,grid_candidate_0080,completed,1,0,16.333547,/home/hzw/Rethinking_GNN_DP/paper_experiments/figure1/search_phase_1/family3/hoa/normal_random/dataset=cora/feature=random_normal/feature_dim=3200/scale=1024/random_normal_mean=0/random_normal_std=0.5/mechanism=mbm/x_eps=inf/m=best/norm=false/smoother=hoa/backbone=sage/use_nfr=false/logs/grid_candidate_0080_attempt_1.log,
grid_candidate_0077,grid,grid_candidate_0077,completed,1,0,20.452990,/home/hzw/Rethinking_GNN_DP/paper_experiments/figure1/search_phase_1/family3/hoa/normal_random/dataset=cora/feature=random_normal/feature_dim=3200/scale=1024/random_normal_mean=0/random_normal_std=0.5/mechanism=mbm/x_eps=inf/m=best/norm=false/smoother=hoa/backbone=sage/use_nfr=false/logs/grid_candidate_0077_attempt_1.log,
grid_candidate_0079,grid,grid_candidate_0079,completed,1,0,18.508862,/home/hzw/Rethinking_GNN_DP/paper_experiments/figure1/search_phase_1/family3/hoa/normal_random/dataset=cora/feature=random_normal/feature_dim=3200/scale=1024/random_normal_mean=0/random_normal_std=0.5/mechanism=mbm/x_eps=inf/m=best/norm=false/smoother=hoa/backbone=sage/use_nfr=false/logs/grid_candidate_0079_attempt_1.log,
grid_candidate_0078,grid,grid_candidate_0078,completed,1,0,19.965443,/home/hzw/Rethinking_GNN_DP/paper_experiments/figure1/search_phase_1/family3/hoa/normal_random/dataset=cora/feature=random_normal/feature_dim=3200/scale=1024/random_normal_mean=0/random_normal_std=0.5/mechanism=mbm/x_eps=inf/m=best/norm=false/smoother=hoa/backbone=sage/use_nfr=false/logs/grid_candidate_0078_attempt_1.log,
grid_candidate_0081,grid,grid_candidate_0081,completed,1,0,18.103924,/home/hzw/Rethinking_GNN_DP/paper_experiments/figure1/search_phase_1/family3/hoa/normal_random/dataset=cora/feature=random_normal/feature_dim=3200/scale=1024/random_normal_mean=0/random_normal_std=0.5/mechanism=mbm/x_eps=inf/m=best/norm=false/smoother=hoa/backbone=sage/use_nfr=false/logs/grid_candidate_0081_attempt_1.log,
grid_candidate_0082,grid,grid_candidate_0082,completed,1,0,18.818456,/home/hzw/Rethinking_GNN_DP/paper_experiments/figure1/search_phase_1/family3/hoa/normal_random/dataset=cora/feature=random_normal/feature_dim=3200/scale=1024/random_normal_mean=0/random_normal_std=0.5/mechanism=mbm/x_eps=inf/m=best/norm=false/smoother=hoa/backbone=sage/use_nfr=false/logs/grid_candidate_0082_attempt_1.log,
grid_candidate_0089,grid,grid_candidate_0089,completed,1,0,19.741418,/home/hzw/Rethinking_GNN_DP/paper_experiments/figure1/search_phase_1/family3/hoa/normal_random/dataset=cora/feature=random_normal/feature_dim=3200/scale=1024/random_normal_mean=0/random_normal_std=0.5/mechanism=mbm/x_eps=inf/m=best/norm=false/smoother=hoa/backbone=sage/use_nfr=false/logs/grid_candidate_0089_attempt_1.log,
grid_candidate_0084,grid,grid_candidate_0084,completed,1,0,20.765258,/home/hzw/Rethinking_GNN_DP/paper_experiments/figure1/search_phase_1/family3/hoa/normal_random/dataset=cora/feature=random_normal/feature_dim=3200/scale=1024/random_normal_mean=0/random_normal_std=0.5/mechanism=mbm/x_eps=inf/m=best/norm=false/smoother=hoa/backbone=sage/use_nfr=false/logs/grid_candidate_0084_attempt_1.log,
grid_candidate_0090,grid,grid_candidate_0090,completed,1,0,19.845999,/home/hzw/Rethinking_GNN_DP/paper_experiments/figure1/search_phase_1/family3/hoa/normal_random/dataset=cora/feature=random_normal/feature_dim=3200/scale=1024/random_normal_mean=0/random_normal_std=0.5/mechanism=mbm/x_eps=inf/m=best/norm=false/smoother=hoa/backbone=sage/use_nfr=false/logs/grid_candidate_0090_attempt_1.log,
grid_candidate_0083,grid,grid_candidate_0083,completed,1,0,21.291598,/home/hzw/Rethinking_GNN_DP/paper_experiments/figure1/search_phase_1/family3/hoa/normal_random/dataset=cora/feature=random_normal/feature_dim=3200/scale=1024/random_normal_mean=0/random_normal_std=0.5/mechanism=mbm/x_eps=inf/m=best/norm=false/smoother=hoa/backbone=sage/use_nfr=false/logs/grid_candidate_0083_attempt_1.log,
grid_candidate_0088,grid,grid_candidate_0088,completed,1,0,20.357920,/home/hzw/Rethinking_GNN_DP/paper_experiments/figure1/search_phase_1/family3/hoa/normal_random/dataset=cora/feature=random_normal/feature_dim=3200/scale=1024/random_normal_mean=0/random_normal_std=0.5/mechanism=mbm/x_eps=inf/m=best/norm=false/smoother=hoa/backbone=sage/use_nfr=false/logs/grid_candidate_0088_attempt_1.log,
grid_candidate_0093,grid,grid_candidate_0093,completed,1,0,17.586335,/home/hzw/Rethinking_GNN_DP/paper_experiments/figure1/search_phase_1/family3/hoa/normal_random/dataset=cora/feature=random_normal/feature_dim=3200/scale=1024/random_normal_mean=0/random_normal_std=0.5/mechanism=mbm/x_eps=inf/m=best/norm=false/smoother=hoa/backbone=sage/use_nfr=false/logs/grid_candidate_0093_attempt_1.log,
grid_candidate_0094,grid,grid_candidate_0094,completed,1,0,17.070700,/home/hzw/Rethinking_GNN_DP/paper_experiments/figure1/search_phase_1/family3/hoa/normal_random/dataset=cora/feature=random_normal/feature_dim=3200/scale=1024/random_normal_mean=0/random_normal_std=0.5/mechanism=mbm/x_eps=inf/m=best/norm=false/smoother=hoa/backbone=sage/use_nfr=false/logs/grid_candidate_0094_attempt_1.log,
grid_candidate_0085,grid,grid_candidate_0085,completed,1,0,21.275633,/home/hzw/Rethinking_GNN_DP/paper_experiments/figure1/search_phase_1/family3/hoa/normal_random/dataset=cora/feature=random_normal/feature_dim=3200/scale=1024/random_normal_mean=0/random_normal_std=0.5/mechanism=mbm/x_eps=inf/m=best/norm=false/smoother=hoa/backbone=sage/use_nfr=false/logs/grid_candidate_0085_attempt_1.log,
grid_candidate_0086,grid,grid_candidate_0086,completed,1,0,21.071385,/home/hzw/Rethinking_GNN_DP/paper_experiments/figure1/search_phase_1/family3/hoa/normal_random/dataset=cora/feature=random_normal/feature_dim=3200/scale=1024/random_normal_mean=0/random_normal_std=0.5/mechanism=mbm/x_eps=inf/m=best/norm=false/smoother=hoa/backbone=sage/use_nfr=false/logs/grid_candidate_0086_attempt_1.log,
grid_candidate_0092,grid,grid_candidate_0092,completed,1,0,18.812782,/home/hzw/Rethinking_GNN_DP/paper_experiments/figure1/search_phase_1/family3/hoa/normal_random/dataset=cora/feature=random_normal/feature_dim=3200/scale=1024/random_normal_mean=0/random_normal_std=0.5/mechanism=mbm/x_eps=inf/m=best/norm=false/smoother=hoa/backbone=sage/use_nfr=false/logs/grid_candidate_0092_attempt_1.log,
grid_candidate_0087,grid,grid_candidate_0087,completed,1,0,21.171115,/home/hzw/Rethinking_GNN_DP/paper_experiments/figure1/search_phase_1/family3/hoa/normal_random/dataset=cora/feature=random_normal/feature_dim=3200/scale=1024/random_normal_mean=0/random_normal_std=0.5/mechanism=mbm/x_eps=inf/m=best/norm=false/smoother=hoa/backbone=sage/use_nfr=false/logs/grid_candidate_0087_attempt_1.log,
grid_candidate_0091,grid,grid_candidate_0091,completed,1,0,20.763561,/home/hzw/Rethinking_GNN_DP/paper_experiments/figure1/search_phase_1/family3/hoa/normal_random/dataset=cora/feature=random_normal/feature_dim=3200/scale=1024/random_normal_mean=0/random_normal_std=0.5/mechanism=mbm/x_eps=inf/m=best/norm=false/smoother=hoa/backbone=sage/use_nfr=false/logs/grid_candidate_0091_attempt_1.log,
grid_candidate_0095,grid,grid_candidate_0095,completed,1,0,15.310809,/home/hzw/Rethinking_GNN_DP/paper_experiments/figure1/search_phase_1/family3/hoa/normal_random/dataset=cora/feature=random_normal/feature_dim=3200/scale=1024/random_normal_mean=0/random_normal_std=0.5/mechanism=mbm/x_eps=inf/m=best/norm=false/smoother=hoa/backbone=sage/use_nfr=false/logs/grid_candidate_0095_attempt_1.log,
grid_candidate_0098,grid,grid_candidate_0098,completed,1,0,16.251872,/home/hzw/Rethinking_GNN_DP/paper_experiments/figure1/search_phase_1/family3/hoa/normal_random/dataset=cora/feature=random_normal/feature_dim=3200/scale=1024/random_normal_mean=0/random_normal_std=0.5/mechanism=mbm/x_eps=inf/m=best/norm=false/smoother=hoa/backbone=sage/use_nfr=false/logs/grid_candidate_0098_attempt_1.log,
grid_candidate_0096,grid,grid_candidate_0096,completed,1,0,16.870060,/home/hzw/Rethinking_GNN_DP/paper_experiments/figure1/search_phase_1/family3/hoa/normal_random/dataset=cora/feature=random_normal/feature_dim=3200/scale=1024/random_normal_mean=0/random_normal_std=0.5/mechanism=mbm/x_eps=inf/m=best/norm=false/smoother=hoa/backbone=sage/use_nfr=false/logs/grid_candidate_0096_attempt_1.log,
grid_candidate_0101,grid,grid_candidate_0101,completed,1,0,16.551215,/home/hzw/Rethinking_GNN_DP/paper_experiments/figure1/search_phase_1/family3/hoa/normal_random/dataset=cora/feature=random_normal/feature_dim=3200/scale=1024/random_normal_mean=0/random_normal_std=0.5/mechanism=mbm/x_eps=inf/m=best/norm=false/smoother=hoa/backbone=sage/use_nfr=false/logs/grid_candidate_0101_attempt_1.log,
grid_candidate_0100,grid,grid_candidate_0100,completed,1,0,17.890130,/home/hzw/Rethinking_GNN_DP/paper_experiments/figure1/search_phase_1/family3/hoa/normal_random/dataset=cora/feature=random_normal/feature_dim=3200/scale=1024/random_normal_mean=0/random_normal_std=0.5/mechanism=mbm/x_eps=inf/m=best/norm=false/smoother=hoa/backbone=sage/use_nfr=false/logs/grid_candidate_0100_attempt_1.log,
grid_candidate_0102,grid,grid_candidate_0102,completed,1,0,17.666064,/home/hzw/Rethinking_GNN_DP/paper_experiments/figure1/search_phase_1/family3/hoa/normal_random/dataset=cora/feature=random_normal/feature_dim=3200/scale=1024/random_normal_mean=0/random_normal_std=0.5/mechanism=mbm/x_eps=inf/m=best/norm=false/smoother=hoa/backbone=sage/use_nfr=false/logs/grid_candidate_0102_attempt_1.log,
grid_candidate_0103,grid,grid_candidate_0103,completed,1,0,16.745279,/home/hzw/Rethinking_GNN_DP/paper_experiments/figure1/search_phase_1/family3/hoa/normal_random/dataset=cora/feature=random_normal/feature_dim=3200/scale=1024/random_normal_mean=0/random_normal_std=0.5/mechanism=mbm/x_eps=inf/m=best/norm=false/smoother=hoa/backbone=sage/use_nfr=false/logs/grid_candidate_0103_attempt_1.log,
grid_candidate_0097,grid,grid_candidate_0097,completed,1,0,19.337666,/home/hzw/Rethinking_GNN_DP/paper_experiments/figure1/search_phase_1/family3/hoa/normal_random/dataset=cora/feature=random_normal/feature_dim=3200/scale=1024/random_normal_mean=0/random_normal_std=0.5/mechanism=mbm/x_eps=inf/m=best/norm=false/smoother=hoa/backbone=sage/use_nfr=false/logs/grid_candidate_0097_attempt_1.log,
grid_candidate_0099,grid,grid_candidate_0099,completed,1,0,19.125675,/home/hzw/Rethinking_GNN_DP/paper_experiments/figure1/search_phase_1/family3/hoa/normal_random/dataset=cora/feature=random_normal/feature_dim=3200/scale=1024/random_normal_mean=0/random_normal_std=0.5/mechanism=mbm/x_eps=inf/m=best/norm=false/smoother=hoa/backbone=sage/use_nfr=false/logs/grid_candidate_0099_attempt_1.log,
grid_candidate_0107,grid,grid_candidate_0107,completed,1,0,17.363036,/home/hzw/Rethinking_GNN_DP/paper_experiments/figure1/search_phase_1/family3/hoa/normal_random/dataset=cora/feature=random_normal/feature_dim=3200/scale=1024/random_normal_mean=0/random_normal_std=0.5/mechanism=mbm/x_eps=inf/m=best/norm=false/smoother=hoa/backbone=sage/use_nfr=false/logs/grid_candidate_0107_attempt_1.log,
grid_candidate_0104,grid,grid_candidate_0104,completed,1,0,18.920451,/home/hzw/Rethinking_GNN_DP/paper_experiments/figure1/search_phase_1/family3/hoa/normal_random/dataset=cora/feature=random_normal/feature_dim=3200/scale=1024/random_normal_mean=0/random_normal_std=0.5/mechanism=mbm/x_eps=inf/m=best/norm=false/smoother=hoa/backbone=sage/use_nfr=false/logs/grid_candidate_0104_attempt_1.log,
grid_candidate_0120,grid,grid_candidate_0120,completed,1,0,17.183531,/home/hzw/Rethinking_GNN_DP/paper_experiments/figure1/search_phase_1/family3/hoa/normal_random/dataset=cora/feature=random_normal/feature_dim=3200/scale=1024/random_normal_mean=0/random_normal_std=0.5/mechanism=mbm/x_eps=inf/m=best/norm=false/smoother=hoa/backbone=sage/use_nfr=false/logs/grid_candidate_0120_attempt_1.log,
grid_candidate_0113,grid,grid_candidate_0113,completed,1,0,18.619980,/home/hzw/Rethinking_GNN_DP/paper_experiments/figure1/search_phase_1/family3/hoa/normal_random/dataset=cora/feature=random_normal/feature_dim=3200/scale=1024/random_normal_mean=0/random_normal_std=0.5/mechanism=mbm/x_eps=inf/m=best/norm=false/smoother=hoa/backbone=sage/use_nfr=false/logs/grid_candidate_0113_attempt_1.log,
grid_candidate_0105,grid,grid_candidate_0105,completed,1,0,19.645778,/home/hzw/Rethinking_GNN_DP/paper_experiments/figure1/search_phase_1/family3/hoa/normal_random/dataset=cora/feature=random_normal/feature_dim=3200/scale=1024/random_normal_mean=0/random_normal_std=0.5/mechanism=mbm/x_eps=inf/m=best/norm=false/smoother=hoa/backbone=sage/use_nfr=false/logs/grid_candidate_0105_attempt_1.log,
grid_candidate_0106,grid,grid_candidate_0106,completed,1,0,19.877463,/home/hzw/Rethinking_GNN_DP/paper_experiments/figure1/search_phase_1/family3/hoa/normal_random/dataset=cora/feature=random_normal/feature_dim=3200/scale=1024/random_normal_mean=0/random_normal_std=0.5/mechanism=mbm/x_eps=inf/m=best/norm=false/smoother=hoa/backbone=sage/use_nfr=false/logs/grid_candidate_0106_attempt_1.log,
grid_candidate_0110,grid,grid_candidate_0110,completed,1,0,19.468030,/home/hzw/Rethinking_GNN_DP/paper_experiments/figure1/search_phase_1/family3/hoa/normal_random/dataset=cora/feature=random_normal/feature_dim=3200/scale=1024/random_normal_mean=0/random_normal_std=0.5/mechanism=mbm/x_eps=inf/m=best/norm=false/smoother=hoa/backbone=sage/use_nfr=false/logs/grid_candidate_0110_attempt_1.log,
grid_candidate_0119,grid,grid_candidate_0119,completed,1,0,18.587630,/home/hzw/Rethinking_GNN_DP/paper_experiments/figure1/search_phase_1/family3/hoa/normal_random/dataset=cora/feature=random_normal/feature_dim=3200/scale=1024/random_normal_mean=0/random_normal_std=0.5/mechanism=mbm/x_eps=inf/m=best/norm=false/smoother=hoa/backbone=sage/use_nfr=false/logs/grid_candidate_0119_attempt_1.log,
grid_candidate_0114,grid,grid_candidate_0114,completed,1,0,19.407218,/home/hzw/Rethinking_GNN_DP/paper_experiments/figure1/search_phase_1/family3/hoa/normal_random/dataset=cora/feature=random_normal/feature_dim=3200/scale=1024/random_normal_mean=0/random_normal_std=0.5/mechanism=mbm/x_eps=inf/m=best/norm=false/smoother=hoa/backbone=sage/use_nfr=false/logs/grid_candidate_0114_attempt_1.log,
grid_candidate_0118,grid,grid_candidate_0118,completed,1,0,19.002973,/home/hzw/Rethinking_GNN_DP/paper_experiments/figure1/search_phase_1/family3/hoa/normal_random/dataset=cora/feature=random_normal/feature_dim=3200/scale=1024/random_normal_mean=0/random_normal_std=0.5/mechanism=mbm/x_eps=inf/m=best/norm=false/smoother=hoa/backbone=sage/use_nfr=false/logs/grid_candidate_0118_attempt_1.log,
grid_candidate_0108,grid,grid_candidate_0108,completed,1,0,20.537595,/home/hzw/Rethinking_GNN_DP/paper_experiments/figure1/search_phase_1/family3/hoa/normal_random/dataset=cora/feature=random_normal/feature_dim=3200/scale=1024/random_normal_mean=0/random_normal_std=0.5/mechanism=mbm/x_eps=inf/m=best/norm=false/smoother=hoa/backbone=sage/use_nfr=false/logs/grid_candidate_0108_attempt_1.log,
grid_candidate_0112,grid,grid_candidate_0112,completed,1,0,20.128074,/home/hzw/Rethinking_GNN_DP/paper_experiments/figure1/search_phase_1/family3/hoa/normal_random/dataset=cora/feature=random_normal/feature_dim=3200/scale=1024/random_normal_mean=0/random_normal_std=0.5/mechanism=mbm/x_eps=inf/m=best/norm=false/smoother=hoa/backbone=sage/use_nfr=false/logs/grid_candidate_0112_attempt_1.log,
grid_candidate_0111,grid,grid_candidate_0111,completed,1,0,20.434743,/home/hzw/Rethinking_GNN_DP/paper_experiments/figure1/search_phase_1/family3/hoa/normal_random/dataset=cora/feature=random_normal/feature_dim=3200/scale=1024/random_normal_mean=0/random_normal_std=0.5/mechanism=mbm/x_eps=inf/m=best/norm=false/smoother=hoa/backbone=sage/use_nfr=false/logs/grid_candidate_0111_attempt_1.log,
grid_candidate_0124,grid,grid_candidate_0124,completed,1,0,18.903331,/home/hzw/Rethinking_GNN_DP/paper_experiments/figure1/search_phase_1/family3/hoa/normal_random/dataset=cora/feature=random_normal/feature_dim=3200/scale=1024/random_normal_mean=0/random_normal_std=0.5/mechanism=mbm/x_eps=inf/m=best/norm=false/smoother=hoa/backbone=sage/use_nfr=false/logs/grid_candidate_0124_attempt_1.log,
grid_candidate_0121,grid,grid_candidate_0121,completed,1,0,19.413163,/home/hzw/Rethinking_GNN_DP/paper_experiments/figure1/search_phase_1/family3/hoa/normal_random/dataset=cora/feature=random_normal/feature_dim=3200/scale=1024/random_normal_mean=0/random_normal_std=0.5/mechanism=mbm/x_eps=inf/m=best/norm=false/smoother=hoa/backbone=sage/use_nfr=false/logs/grid_candidate_0121_attempt_1.log,
grid_candidate_0115,grid,grid_candidate_0115,completed,1,0,20.124886,/home/hzw/Rethinking_GNN_DP/paper_experiments/figure1/search_phase_1/family3/hoa/normal_random/dataset=cora/feature=random_normal/feature_dim=3200/scale=1024/random_normal_mean=0/random_normal_std=0.5/mechanism=mbm/x_eps=inf/m=best/norm=false/smoother=hoa/backbone=sage/use_nfr=false/logs/grid_candidate_0115_attempt_1.log,
grid_candidate_0123,grid,grid_candidate_0123,completed,1,0,19.413536,/home/hzw/Rethinking_GNN_DP/paper_experiments/figure1/search_phase_1/family3/hoa/normal_random/dataset=cora/feature=random_normal/feature_dim=3200/scale=1024/random_normal_mean=0/random_normal_std=0.5/mechanism=mbm/x_eps=inf/m=best/norm=false/smoother=hoa/backbone=sage/use_nfr=false/logs/grid_candidate_0123_attempt_1.log,
grid_candidate_0127,grid,grid_candidate_0127,completed,1,0,16.662781,/home/hzw/Rethinking_GNN_DP/paper_experiments/figure1/search_phase_1/family3/hoa/normal_random/dataset=cora/feature=random_normal/feature_dim=3200/scale=1024/random_normal_mean=0/random_normal_std=0.5/mechanism=mbm/x_eps=inf/m=best/norm=false/smoother=hoa/backbone=sage/use_nfr=false/logs/grid_candidate_0127_attempt_1.log,
grid_candidate_0116,grid,grid_candidate_0116,completed,1,0,20.333066,/home/hzw/Rethinking_GNN_DP/paper_experiments/figure1/search_phase_1/family3/hoa/normal_random/dataset=cora/feature=random_normal/feature_dim=3200/scale=1024/random_normal_mean=0/random_normal_std=0.5/mechanism=mbm/x_eps=inf/m=best/norm=false/smoother=hoa/backbone=sage/use_nfr=false/logs/grid_candidate_0116_attempt_1.log,
grid_candidate_0109,grid,grid_candidate_0109,completed,1,0,21.358484,/home/hzw/Rethinking_GNN_DP/paper_experiments/figure1/search_phase_1/family3/hoa/normal_random/dataset=cora/feature=random_normal/feature_dim=3200/scale=1024/random_normal_mean=0/random_normal_std=0.5/mechanism=mbm/x_eps=inf/m=best/norm=false/smoother=hoa/backbone=sage/use_nfr=false/logs/grid_candidate_0109_attempt_1.log,
grid_candidate_0117,grid,grid_candidate_0117,completed,1,0,20.436025,/home/hzw/Rethinking_GNN_DP/paper_experiments/figure1/search_phase_1/family3/hoa/normal_random/dataset=cora/feature=random_normal/feature_dim=3200/scale=1024/random_normal_mean=0/random_normal_std=0.5/mechanism=mbm/x_eps=inf/m=best/norm=false/smoother=hoa/backbone=sage/use_nfr=false/logs/grid_candidate_0117_attempt_1.log,
grid_candidate_0125,grid,grid_candidate_0125,completed,1,0,19.620451,/home/hzw/Rethinking_GNN_DP/paper_experiments/figure1/search_phase_1/family3/hoa/normal_random/dataset=cora/feature=random_normal/feature_dim=3200/scale=1024/random_normal_mean=0/random_normal_std=0.5/mechanism=mbm/x_eps=inf/m=best/norm=false/smoother=hoa/backbone=sage/use_nfr=false/logs/grid_candidate_0125_attempt_1.log,
grid_candidate_0126,grid,grid_candidate_0126,completed,1,0,18.199404,/home/hzw/Rethinking_GNN_DP/paper_experiments/figure1/search_phase_1/family3/hoa/normal_random/dataset=cora/feature=random_normal/feature_dim=3200/scale=1024/random_normal_mean=0/random_normal_std=0.5/mechanism=mbm/x_eps=inf/m=best/norm=false/smoother=hoa/backbone=sage/use_nfr=false/logs/grid_candidate_0126_attempt_1.log,
grid_candidate_0122,grid,grid_candidate_0122,completed,1,0,20.235135,/home/hzw/Rethinking_GNN_DP/paper_experiments/figure1/search_phase_1/family3/hoa/normal_random/dataset=cora/feature=random_normal/feature_dim=3200/scale=1024/random_normal_mean=0/random_normal_std=0.5/mechanism=mbm/x_eps=inf/m=best/norm=false/smoother=hoa/backbone=sage/use_nfr=false/logs/grid_candidate_0122_attempt_1.log,
grid_candidate_0129,grid,grid_candidate_0129,completed,1,0,15.536224,/home/hzw/Rethinking_GNN_DP/paper_experiments/figure1/search_phase_1/family3/hoa/normal_random/dataset=cora/feature=random_normal/feature_dim=3200/scale=1024/random_normal_mean=0/random_normal_std=0.5/mechanism=mbm/x_eps=inf/m=best/norm=false/smoother=hoa/backbone=sage/use_nfr=false/logs/grid_candidate_0129_attempt_1.log,
grid_candidate_0130,grid,grid_candidate_0130,completed,1,0,15.617157,/home/hzw/Rethinking_GNN_DP/paper_experiments/figure1/search_phase_1/family3/hoa/normal_random/dataset=cora/feature=random_normal/feature_dim=3200/scale=1024/random_normal_mean=0/random_normal_std=0.5/mechanism=mbm/x_eps=inf/m=best/norm=false/smoother=hoa/backbone=sage/use_nfr=false/logs/grid_candidate_0130_attempt_1.log,
grid_candidate_0134,grid,grid_candidate_0134,completed,1,0,14.580919,/home/hzw/Rethinking_GNN_DP/paper_experiments/figure1/search_phase_1/family3/hoa/normal_random/dataset=cora/feature=random_normal/feature_dim=3200/scale=1024/random_normal_mean=0/random_normal_std=0.5/mechanism=mbm/x_eps=inf/m=best/norm=false/smoother=hoa/backbone=sage/use_nfr=false/logs/grid_candidate_0134_attempt_1.log,
grid_candidate_0132,grid,grid_candidate_0132,completed,1,0,17.338861,/home/hzw/Rethinking_GNN_DP/paper_experiments/figure1/search_phase_1/family3/hoa/normal_random/dataset=cora/feature=random_normal/feature_dim=3200/scale=1024/random_normal_mean=0/random_normal_std=0.5/mechanism=mbm/x_eps=inf/m=best/norm=false/smoother=hoa/backbone=sage/use_nfr=false/logs/grid_candidate_0132_attempt_1.log,
grid_candidate_0133,grid,grid_candidate_0133,completed,1,0,18.856477,/home/hzw/Rethinking_GNN_DP/paper_experiments/figure1/search_phase_1/family3/hoa/normal_random/dataset=cora/feature=random_normal/feature_dim=3200/scale=1024/random_normal_mean=0/random_normal_std=0.5/mechanism=mbm/x_eps=inf/m=best/norm=false/smoother=hoa/backbone=sage/use_nfr=false/logs/grid_candidate_0133_attempt_1.log,
grid_candidate_0131,grid,grid_candidate_0131,completed,1,0,19.468122,/home/hzw/Rethinking_GNN_DP/paper_experiments/figure1/search_phase_1/family3/hoa/normal_random/dataset=cora/feature=random_normal/feature_dim=3200/scale=1024/random_normal_mean=0/random_normal_std=0.5/mechanism=mbm/x_eps=inf/m=best/norm=false/smoother=hoa/backbone=sage/use_nfr=false/logs/grid_candidate_0131_attempt_1.log,
grid_candidate_0128,grid,grid_candidate_0128,completed,1,0,19.914733,/home/hzw/Rethinking_GNN_DP/paper_experiments/figure1/search_phase_1/family3/hoa/normal_random/dataset=cora/feature=random_normal/feature_dim=3200/scale=1024/random_normal_mean=0/random_normal_std=0.5/mechanism=mbm/x_eps=inf/m=best/norm=false/smoother=hoa/backbone=sage/use_nfr=false/logs/grid_candidate_0128_attempt_1.log,
grid_candidate_0136,grid,grid_candidate_0136,completed,1,0,17.294117,/home/hzw/Rethinking_GNN_DP/paper_experiments/figure1/search_phase_1/family3/hoa/normal_random/dataset=cora/feature=random_normal/feature_dim=3200/scale=1024/random_normal_mean=0/random_normal_std=0.5/mechanism=mbm/x_eps=inf/m=best/norm=false/smoother=hoa/backbone=sage/use_nfr=false/logs/grid_candidate_0136_attempt_1.log,
grid_candidate_0135,grid,grid_candidate_0135,completed,1,0,18.340989,/home/hzw/Rethinking_GNN_DP/paper_experiments/figure1/search_phase_1/family3/hoa/normal_random/dataset=cora/feature=random_normal/feature_dim=3200/scale=1024/random_normal_mean=0/random_normal_std=0.5/mechanism=mbm/x_eps=inf/m=best/norm=false/smoother=hoa/backbone=sage/use_nfr=false/logs/grid_candidate_0135_attempt_1.log,
grid_candidate_0139,grid,grid_candidate_0139,completed,1,0,18.432232,/home/hzw/Rethinking_GNN_DP/paper_experiments/figure1/search_phase_1/family3/hoa/normal_random/dataset=cora/feature=random_normal/feature_dim=3200/scale=1024/random_normal_mean=0/random_normal_std=0.5/mechanism=mbm/x_eps=inf/m=best/norm=false/smoother=hoa/backbone=sage/use_nfr=false/logs/grid_candidate_0139_attempt_1.log,
grid_candidate_0140,grid,grid_candidate_0140,completed,1,0,19.765890,/home/hzw/Rethinking_GNN_DP/paper_experiments/figure1/search_phase_1/family3/hoa/normal_random/dataset=cora/feature=random_normal/feature_dim=3200/scale=1024/random_normal_mean=0/random_normal_std=0.5/mechanism=mbm/x_eps=inf/m=best/norm=false/smoother=hoa/backbone=sage/use_nfr=false/logs/grid_candidate_0140_attempt_1.log,
grid_candidate_0148,grid,grid_candidate_0148,completed,1,0,19.261875,/home/hzw/Rethinking_GNN_DP/paper_experiments/figure1/search_phase_1/family3/hoa/normal_random/dataset=cora/feature=random_normal/feature_dim=3200/scale=1024/random_normal_mean=0/random_normal_std=0.5/mechanism=mbm/x_eps=inf/m=best/norm=false/smoother=hoa/backbone=sage/use_nfr=false/logs/grid_candidate_0148_attempt_1.log,
grid_candidate_0137,grid,grid_candidate_0137,completed,1,0,20.691061,/home/hzw/Rethinking_GNN_DP/paper_experiments/figure1/search_phase_1/family3/hoa/normal_random/dataset=cora/feature=random_normal/feature_dim=3200/scale=1024/random_normal_mean=0/random_normal_std=0.5/mechanism=mbm/x_eps=inf/m=best/norm=false/smoother=hoa/backbone=sage/use_nfr=false/logs/grid_candidate_0137_attempt_1.log,
grid_candidate_0151,grid,grid_candidate_0151,completed,1,0,19.271589,/home/hzw/Rethinking_GNN_DP/paper_experiments/figure1/search_phase_1/family3/hoa/normal_random/dataset=cora/feature=random_normal/feature_dim=3200/scale=1024/random_normal_mean=0/random_normal_std=0.5/mechanism=mbm/x_eps=inf/m=best/norm=false/smoother=hoa/backbone=sage/use_nfr=false/logs/grid_candidate_0151_attempt_1.log,
grid_candidate_0138,grid,grid_candidate_0138,completed,1,0,20.803020,/home/hzw/Rethinking_GNN_DP/paper_experiments/figure1/search_phase_1/family3/hoa/normal_random/dataset=cora/feature=random_normal/feature_dim=3200/scale=1024/random_normal_mean=0/random_normal_std=0.5/mechanism=mbm/x_eps=inf/m=best/norm=false/smoother=hoa/backbone=sage/use_nfr=false/logs/grid_candidate_0138_attempt_1.log,
grid_candidate_0145,grid,grid_candidate_0145,completed,1,0,20.087488,/home/hzw/Rethinking_GNN_DP/paper_experiments/figure1/search_phase_1/family3/hoa/normal_random/dataset=cora/feature=random_normal/feature_dim=3200/scale=1024/random_normal_mean=0/random_normal_std=0.5/mechanism=mbm/x_eps=inf/m=best/norm=false/smoother=hoa/backbone=sage/use_nfr=false/logs/grid_candidate_0145_attempt_1.log,
grid_candidate_0143,grid,grid_candidate_0143,completed,1,0,20.596759,/home/hzw/Rethinking_GNN_DP/paper_experiments/figure1/search_phase_1/family3/hoa/normal_random/dataset=cora/feature=random_normal/feature_dim=3200/scale=1024/random_normal_mean=0/random_normal_std=0.5/mechanism=mbm/x_eps=inf/m=best/norm=false/smoother=hoa/backbone=sage/use_nfr=false/logs/grid_candidate_0143_attempt_1.log,
grid_candidate_0146,grid,grid_candidate_0146,completed,1,0,20.392239,/home/hzw/Rethinking_GNN_DP/paper_experiments/figure1/search_phase_1/family3/hoa/normal_random/dataset=cora/feature=random_normal/feature_dim=3200/scale=1024/random_normal_mean=0/random_normal_std=0.5/mechanism=mbm/x_eps=inf/m=best/norm=false/smoother=hoa/backbone=sage/use_nfr=false/logs/grid_candidate_0146_attempt_1.log,
grid_candidate_0154,grid,grid_candidate_0154,completed,1,0,19.350750,/home/hzw/Rethinking_GNN_DP/paper_experiments/figure1/search_phase_1/family3/hoa/normal_random/dataset=cora/feature=random_normal/feature_dim=3200/scale=1024/random_normal_mean=0/random_normal_std=0.5/mechanism=mbm/x_eps=inf/m=best/norm=false/smoother=hoa/backbone=sage/use_nfr=false/logs/grid_candidate_0154_attempt_1.log,
grid_candidate_0156,grid,grid_candidate_0156,completed,1,0,17.920512,/home/hzw/Rethinking_GNN_DP/paper_experiments/figure1/search_phase_1/family3/hoa/normal_random/dataset=cora/feature=random_normal/feature_dim=3200/scale=1024/random_normal_mean=0/random_normal_std=0.5/mechanism=mbm/x_eps=inf/m=best/norm=false/smoother=hoa/backbone=sage/use_nfr=false/logs/grid_candidate_0156_attempt_1.log,
grid_candidate_0147,grid,grid_candidate_0147,completed,1,0,20.597281,/home/hzw/Rethinking_GNN_DP/paper_experiments/figure1/search_phase_1/family3/hoa/normal_random/dataset=cora/feature=random_normal/feature_dim=3200/scale=1024/random_normal_mean=0/random_normal_std=0.5/mechanism=mbm/x_eps=inf/m=best/norm=false/smoother=hoa/backbone=sage/use_nfr=false/logs/grid_candidate_0147_attempt_1.log,
grid_candidate_0153,grid,grid_candidate_0153,completed,1,0,19.988388,/home/hzw/Rethinking_GNN_DP/paper_experiments/figure1/search_phase_1/family3/hoa/normal_random/dataset=cora/feature=random_normal/feature_dim=3200/scale=1024/random_normal_mean=0/random_normal_std=0.5/mechanism=mbm/x_eps=inf/m=best/norm=false/smoother=hoa/backbone=sage/use_nfr=false/logs/grid_candidate_0153_attempt_1.log,
grid_candidate_0158,grid,grid_candidate_0158,completed,1,0,17.092889,/home/hzw/Rethinking_GNN_DP/paper_experiments/figure1/search_phase_1/family3/hoa/normal_random/dataset=cora/feature=random_normal/feature_dim=3200/scale=1024/random_normal_mean=0/random_normal_std=0.5/mechanism=mbm/x_eps=inf/m=best/norm=false/smoother=hoa/backbone=sage/use_nfr=false/logs/grid_candidate_0158_attempt_1.log,
grid_candidate_0155,grid,grid_candidate_0155,completed,1,0,19.756417,/home/hzw/Rethinking_GNN_DP/paper_experiments/figure1/search_phase_1/family3/hoa/normal_random/dataset=cora/feature=random_normal/feature_dim=3200/scale=1024/random_normal_mean=0/random_normal_std=0.5/mechanism=mbm/x_eps=inf/m=best/norm=false/smoother=hoa/backbone=sage/use_nfr=false/logs/grid_candidate_0155_attempt_1.log,
grid_candidate_0152,grid,grid_candidate_0152,completed,1,0,20.596708,/home/hzw/Rethinking_GNN_DP/paper_experiments/figure1/search_phase_1/family3/hoa/normal_random/dataset=cora/feature=random_normal/feature_dim=3200/scale=1024/random_normal_mean=0/random_normal_std=0.5/mechanism=mbm/x_eps=inf/m=best/norm=false/smoother=hoa/backbone=sage/use_nfr=false/logs/grid_candidate_0152_attempt_1.log,
grid_candidate_0157,grid,grid_candidate_0157,completed,1,0,18.424226,/home/hzw/Rethinking_GNN_DP/paper_experiments/figure1/search_phase_1/family3/hoa/normal_random/dataset=cora/feature=random_normal/feature_dim=3200/scale=1024/random_normal_mean=0/random_normal_std=0.5/mechanism=mbm/x_eps=inf/m=best/norm=false/smoother=hoa/backbone=sage/use_nfr=false/logs/grid_candidate_0157_attempt_1.log,
grid_candidate_0144,grid,grid_candidate_0144,completed,1,0,21.613390,/home/hzw/Rethinking_GNN_DP/paper_experiments/figure1/search_phase_1/family3/hoa/normal_random/dataset=cora/feature=random_normal/feature_dim=3200/scale=1024/random_normal_mean=0/random_normal_std=0.5/mechanism=mbm/x_eps=inf/m=best/norm=false/smoother=hoa/backbone=sage/use_nfr=false/logs/grid_candidate_0144_attempt_1.log,
grid_candidate_0142,grid,grid_candidate_0142,completed,1,0,21.920727,/home/hzw/Rethinking_GNN_DP/paper_experiments/figure1/search_phase_1/family3/hoa/normal_random/dataset=cora/feature=random_normal/feature_dim=3200/scale=1024/random_normal_mean=0/random_normal_std=0.5/mechanism=mbm/x_eps=inf/m=best/norm=false/smoother=hoa/backbone=sage/use_nfr=false/logs/grid_candidate_0142_attempt_1.log,
grid_candidate_0149,grid,grid_candidate_0149,completed,1,0,21.208590,/home/hzw/Rethinking_GNN_DP/paper_experiments/figure1/search_phase_1/family3/hoa/normal_random/dataset=cora/feature=random_normal/feature_dim=3200/scale=1024/random_normal_mean=0/random_normal_std=0.5/mechanism=mbm/x_eps=inf/m=best/norm=false/smoother=hoa/backbone=sage/use_nfr=false/logs/grid_candidate_0149_attempt_1.log,
grid_candidate_0150,grid,grid_candidate_0150,completed,1,0,21.107805,/home/hzw/Rethinking_GNN_DP/paper_experiments/figure1/search_phase_1/family3/hoa/normal_random/dataset=cora/feature=random_normal/feature_dim=3200/scale=1024/random_normal_mean=0/random_normal_std=0.5/mechanism=mbm/x_eps=inf/m=best/norm=false/smoother=hoa/backbone=sage/use_nfr=false/logs/grid_candidate_0150_attempt_1.log,
grid_candidate_0160,grid,grid_candidate_0160,completed,1,0,16.676115,/home/hzw/Rethinking_GNN_DP/paper_experiments/figure1/search_phase_1/family3/hoa/normal_random/dataset=cora/feature=random_normal/feature_dim=3200/scale=1024/random_normal_mean=0/random_normal_std=0.5/mechanism=mbm/x_eps=inf/m=best/norm=false/smoother=hoa/backbone=sage/use_nfr=false/logs/grid_candidate_0160_attempt_1.log,
grid_candidate_0141,grid,grid_candidate_0141,completed,1,0,22.429297,/home/hzw/Rethinking_GNN_DP/paper_experiments/figure1/search_phase_1/family3/hoa/normal_random/dataset=cora/feature=random_normal/feature_dim=3200/scale=1024/random_normal_mean=0/random_normal_std=0.5/mechanism=mbm/x_eps=inf/m=best/norm=false/smoother=hoa/backbone=sage/use_nfr=false/logs/grid_candidate_0141_attempt_1.log,
grid_candidate_0159,grid,grid_candidate_0159,completed,1,0,17.183370,/home/hzw/Rethinking_GNN_DP/paper_experiments/figure1/search_phase_1/family3/hoa/normal_random/dataset=cora/feature=random_normal/feature_dim=3200/scale=1024/random_normal_mean=0/random_normal_std=0.5/mechanism=mbm/x_eps=inf/m=best/norm=false/smoother=hoa/backbone=sage/use_nfr=false/logs/grid_candidate_0159_attempt_1.log,
grid_candidate_0161,grid,grid_candidate_0161,completed,1,0,16.567358,/home/hzw/Rethinking_GNN_DP/paper_experiments/figure1/search_phase_1/family3/hoa/normal_random/dataset=cora/feature=random_normal/feature_dim=3200/scale=1024/random_normal_mean=0/random_normal_std=0.5/mechanism=mbm/x_eps=inf/m=best/norm=false/smoother=hoa/backbone=sage/use_nfr=false/logs/grid_candidate_0161_attempt_1.log,
grid_candidate_0163,grid,grid_candidate_0163,completed,1,0,16.362013,/home/hzw/Rethinking_GNN_DP/paper_experiments/figure1/search_phase_1/family3/hoa/normal_random/dataset=cora/feature=random_normal/feature_dim=3200/scale=1024/random_normal_mean=0/random_normal_std=0.5/mechanism=mbm/x_eps=inf/m=best/norm=false/smoother=hoa/backbone=sage/use_nfr=false/logs/grid_candidate_0163_attempt_1.log,
grid_candidate_0164,grid,grid_candidate_0164,completed,1,0,15.524885,/home/hzw/Rethinking_GNN_DP/paper_experiments/figure1/search_phase_1/family3/hoa/normal_random/dataset=cora/feature=random_normal/feature_dim=3200/scale=1024/random_normal_mean=0/random_normal_std=0.5/mechanism=mbm/x_eps=inf/m=best/norm=false/smoother=hoa/backbone=sage/use_nfr=false/logs/grid_candidate_0164_attempt_1.log,
grid_candidate_0162,grid,grid_candidate_0162,completed,1,0,16.971680,/home/hzw/Rethinking_GNN_DP/paper_experiments/figure1/search_phase_1/family3/hoa/normal_random/dataset=cora/feature=random_normal/feature_dim=3200/scale=1024/random_normal_mean=0/random_normal_std=0.5/mechanism=mbm/x_eps=inf/m=best/norm=false/smoother=hoa/backbone=sage/use_nfr=false/logs/grid_candidate_0162_attempt_1.log,
grid_candidate_0166,grid,grid_candidate_0166,completed,1,0,15.821589,/home/hzw/Rethinking_GNN_DP/paper_experiments/figure1/search_phase_1/family3/hoa/normal_random/dataset=cora/feature=random_normal/feature_dim=3200/scale=1024/random_normal_mean=0/random_normal_std=0.5/mechanism=mbm/x_eps=inf/m=best/norm=false/smoother=hoa/backbone=sage/use_nfr=false/logs/grid_candidate_0166_attempt_1.log,
grid_candidate_0168,grid,grid_candidate_0168,completed,1,0,15.476638,/home/hzw/Rethinking_GNN_DP/paper_experiments/figure1/search_phase_1/family3/hoa/normal_random/dataset=cora/feature=random_normal/feature_dim=3200/scale=1024/random_normal_mean=0/random_normal_std=0.5/mechanism=mbm/x_eps=inf/m=best/norm=false/smoother=hoa/backbone=sage/use_nfr=false/logs/grid_candidate_0168_attempt_1.log,
grid_candidate_0165,grid,grid_candidate_0165,completed,1,0,16.435234,/home/hzw/Rethinking_GNN_DP/paper_experiments/figure1/search_phase_1/family3/hoa/normal_random/dataset=cora/feature=random_normal/feature_dim=3200/scale=1024/random_normal_mean=0/random_normal_std=0.5/mechanism=mbm/x_eps=inf/m=best/norm=false/smoother=hoa/backbone=sage/use_nfr=false/logs/grid_candidate_0165_attempt_1.log,
grid_candidate_0171,grid,grid_candidate_0171,completed,1,0,16.868994,/home/hzw/Rethinking_GNN_DP/paper_experiments/figure1/search_phase_1/family3/hoa/normal_random/dataset=cora/feature=random_normal/feature_dim=3200/scale=1024/random_normal_mean=0/random_normal_std=0.5/mechanism=mbm/x_eps=inf/m=best/norm=false/smoother=hoa/backbone=sage/use_nfr=false/logs/grid_candidate_0171_attempt_1.log,
grid_candidate_0174,grid,grid_candidate_0174,completed,1,0,17.578952,/home/hzw/Rethinking_GNN_DP/paper_experiments/figure1/search_phase_1/family3/hoa/normal_random/dataset=cora/feature=random_normal/feature_dim=3200/scale=1024/random_normal_mean=0/random_normal_std=0.5/mechanism=mbm/x_eps=inf/m=best/norm=false/smoother=hoa/backbone=sage/use_nfr=false/logs/grid_candidate_0174_attempt_1.log,
grid_candidate_0170,grid,grid_candidate_0170,completed,1,0,18.816386,/home/hzw/Rethinking_GNN_DP/paper_experiments/figure1/search_phase_1/family3/hoa/normal_random/dataset=cora/feature=random_normal/feature_dim=3200/scale=1024/random_normal_mean=0/random_normal_std=0.5/mechanism=mbm/x_eps=inf/m=best/norm=false/smoother=hoa/backbone=sage/use_nfr=false/logs/grid_candidate_0170_attempt_1.log,
grid_candidate_0173,grid,grid_candidate_0173,completed,1,0,18.611763,/home/hzw/Rethinking_GNN_DP/paper_experiments/figure1/search_phase_1/family3/hoa/normal_random/dataset=cora/feature=random_normal/feature_dim=3200/scale=1024/random_normal_mean=0/random_normal_std=0.5/mechanism=mbm/x_eps=inf/m=best/norm=false/smoother=hoa/backbone=sage/use_nfr=false/logs/grid_candidate_0173_attempt_1.log,
grid_candidate_0167,grid,grid_candidate_0167,completed,1,0,19.810591,/home/hzw/Rethinking_GNN_DP/paper_experiments/figure1/search_phase_1/family3/hoa/normal_random/dataset=cora/feature=random_normal/feature_dim=3200/scale=1024/random_normal_mean=0/random_normal_std=0.5/mechanism=mbm/x_eps=inf/m=best/norm=false/smoother=hoa/backbone=sage/use_nfr=false/logs/grid_candidate_0167_attempt_1.log,
grid_candidate_0181,grid,grid_candidate_0181,completed,1,0,17.918354,/home/hzw/Rethinking_GNN_DP/paper_experiments/figure1/search_phase_1/family3/hoa/normal_random/dataset=cora/feature=random_normal/feature_dim=3200/scale=1024/random_normal_mean=0/random_normal_std=0.5/mechanism=mbm/x_eps=inf/m=best/norm=false/smoother=hoa/backbone=sage/use_nfr=false/logs/grid_candidate_0181_attempt_1.log,
grid_candidate_0191,grid,grid_candidate_0191,completed,1,0,16.483751,/home/hzw/Rethinking_GNN_DP/paper_experiments/figure1/search_phase_1/family3/hoa/normal_random/dataset=cora/feature=random_normal/feature_dim=3200/scale=1024/random_normal_mean=0/random_normal_std=0.5/mechanism=mbm/x_eps=inf/m=best/norm=false/smoother=hoa/backbone=sage/use_nfr=false/logs/grid_candidate_0191_attempt_1.log,
grid_candidate_0184,grid,grid_candidate_0184,completed,1,0,19.342054,/home/hzw/Rethinking_GNN_DP/paper_experiments/figure1/search_phase_1/family3/hoa/normal_random/dataset=cora/feature=random_normal/feature_dim=3200/scale=1024/random_normal_mean=0/random_normal_std=0.5/mechanism=mbm/x_eps=inf/m=best/norm=false/smoother=hoa/backbone=sage/use_nfr=false/logs/grid_candidate_0184_attempt_1.log,
grid_candidate_0185,grid,grid_candidate_0185,completed,1,0,19.372181,/home/hzw/Rethinking_GNN_DP/paper_experiments/figure1/search_phase_1/family3/hoa/normal_random/dataset=cora/feature=random_normal/feature_dim=3200/scale=1024/random_normal_mean=0/random_normal_std=0.5/mechanism=mbm/x_eps=inf/m=best/norm=false/smoother=hoa/backbone=sage/use_nfr=false/logs/grid_candidate_0185_attempt_1.log,
grid_candidate_0169,grid,grid_candidate_0169,completed,1,0,21.436825,/home/hzw/Rethinking_GNN_DP/paper_experiments/figure1/search_phase_1/family3/hoa/normal_random/dataset=cora/feature=random_normal/feature_dim=3200/scale=1024/random_normal_mean=0/random_normal_std=0.5/mechanism=mbm/x_eps=inf/m=best/norm=false/smoother=hoa/backbone=sage/use_nfr=false/logs/grid_candidate_0169_attempt_1.log,
grid_candidate_0187,grid,grid_candidate_0187,completed,1,0,19.597660,/home/hzw/Rethinking_GNN_DP/paper_experiments/figure1/search_phase_1/family3/hoa/normal_random/dataset=cora/feature=random_normal/feature_dim=3200/scale=1024/random_normal_mean=0/random_normal_std=0.5/mechanism=mbm/x_eps=inf/m=best/norm=false/smoother=hoa/backbone=sage/use_nfr=false/logs/grid_candidate_0187_attempt_1.log,
grid_candidate_0172,grid,grid_candidate_0172,completed,1,0,21.648115,/home/hzw/Rethinking_GNN_DP/paper_experiments/figure1/search_phase_1/family3/hoa/normal_random/dataset=cora/feature=random_normal/feature_dim=3200/scale=1024/random_normal_mean=0/random_normal_std=0.5/mechanism=mbm/x_eps=inf/m=best/norm=false/smoother=hoa/backbone=sage/use_nfr=false/logs/grid_candidate_0172_attempt_1.log,
grid_candidate_0194,grid,grid_candidate_0194,completed,1,0,15.842080,/home/hzw/Rethinking_GNN_DP/paper_experiments/figure1/search_phase_1/family3/hoa/normal_random/dataset=cora/feature=random_normal/feature_dim=3200/scale=1024/random_normal_mean=0/random_normal_std=0.5/mechanism=mbm/x_eps=inf/m=best/norm=false/smoother=hoa/backbone=sage/use_nfr=false/logs/grid_candidate_0194_attempt_1.log,
grid_candidate_0190,grid,grid_candidate_0190,completed,1,0,19.806265,/home/hzw/Rethinking_GNN_DP/paper_experiments/figure1/search_phase_1/family3/hoa/normal_random/dataset=cora/feature=random_normal/feature_dim=3200/scale=1024/random_normal_mean=0/random_normal_std=0.5/mechanism=mbm/x_eps=inf/m=best/norm=false/smoother=hoa/backbone=sage/use_nfr=false/logs/grid_candidate_0190_attempt_1.log,
grid_candidate_0189,grid,grid_candidate_0189,completed,1,0,20.113996,/home/hzw/Rethinking_GNN_DP/paper_experiments/figure1/search_phase_1/family3/hoa/normal_random/dataset=cora/feature=random_normal/feature_dim=3200/scale=1024/random_normal_mean=0/random_normal_std=0.5/mechanism=mbm/x_eps=inf/m=best/norm=false/smoother=hoa/backbone=sage/use_nfr=false/logs/grid_candidate_0189_attempt_1.log,
grid_candidate_0182,grid,grid_candidate_0182,completed,1,0,21.034099,/home/hzw/Rethinking_GNN_DP/paper_experiments/figure1/search_phase_1/family3/hoa/normal_random/dataset=cora/feature=random_normal/feature_dim=3200/scale=1024/random_normal_mean=0/random_normal_std=0.5/mechanism=mbm/x_eps=inf/m=best/norm=false/smoother=hoa/backbone=sage/use_nfr=false/logs/grid_candidate_0182_attempt_1.log,
grid_candidate_0176,grid,grid_candidate_0176,completed,1,0,21.751489,/home/hzw/Rethinking_GNN_DP/paper_experiments/figure1/search_phase_1/family3/hoa/normal_random/dataset=cora/feature=random_normal/feature_dim=3200/scale=1024/random_normal_mean=0/random_normal_std=0.5/mechanism=mbm/x_eps=inf/m=best/norm=false/smoother=hoa/backbone=sage/use_nfr=false/logs/grid_candidate_0176_attempt_1.log,
grid_candidate_0192,grid,grid_candidate_0192,completed,1,0,16.864512,/home/hzw/Rethinking_GNN_DP/paper_experiments/figure1/search_phase_1/family3/hoa/normal_random/dataset=cora/feature=random_normal/feature_dim=3200/scale=1024/random_normal_mean=0/random_normal_std=0.5/mechanism=mbm/x_eps=inf/m=best/norm=false/smoother=hoa/backbone=sage/use_nfr=false/logs/grid_candidate_0192_attempt_1.log,
grid_candidate_0180,grid,grid_candidate_0180,completed,1,0,21.547441,/home/hzw/Rethinking_GNN_DP/paper_experiments/figure1/search_phase_1/family3/hoa/normal_random/dataset=cora/feature=random_normal/feature_dim=3200/scale=1024/random_normal_mean=0/random_normal_std=0.5/mechanism=mbm/x_eps=inf/m=best/norm=false/smoother=hoa/backbone=sage/use_nfr=false/logs/grid_candidate_0180_attempt_1.log,
grid_candidate_0188,grid,grid_candidate_0188,completed,1,0,20.728047,/home/hzw/Rethinking_GNN_DP/paper_experiments/figure1/search_phase_1/family3/hoa/normal_random/dataset=cora/feature=random_normal/feature_dim=3200/scale=1024/random_normal_mean=0/random_normal_std=0.5/mechanism=mbm/x_eps=inf/m=best/norm=false/smoother=hoa/backbone=sage/use_nfr=false/logs/grid_candidate_0188_attempt_1.log,
grid_candidate_0193,grid,grid_candidate_0193,completed,1,0,16.864799,/home/hzw/Rethinking_GNN_DP/paper_experiments/figure1/search_phase_1/family3/hoa/normal_random/dataset=cora/feature=random_normal/feature_dim=3200/scale=1024/random_normal_mean=0/random_normal_std=0.5/mechanism=mbm/x_eps=inf/m=best/norm=false/smoother=hoa/backbone=sage/use_nfr=false/logs/grid_candidate_0193_attempt_1.log,
grid_candidate_0175,grid,grid_candidate_0175,completed,1,0,22.365213,/home/hzw/Rethinking_GNN_DP/paper_experiments/figure1/search_phase_1/family3/hoa/normal_random/dataset=cora/feature=random_normal/feature_dim=3200/scale=1024/random_normal_mean=0/random_normal_std=0.5/mechanism=mbm/x_eps=inf/m=best/norm=false/smoother=hoa/backbone=sage/use_nfr=false/logs/grid_candidate_0175_attempt_1.log,
grid_candidate_0183,grid,grid_candidate_0183,completed,1,0,21.545234,/home/hzw/Rethinking_GNN_DP/paper_experiments/figure1/search_phase_1/family3/hoa/normal_random/dataset=cora/feature=random_normal/feature_dim=3200/scale=1024/random_normal_mean=0/random_normal_std=0.5/mechanism=mbm/x_eps=inf/m=best/norm=false/smoother=hoa/backbone=sage/use_nfr=false/logs/grid_candidate_0183_attempt_1.log,
grid_candidate_0177,grid,grid_candidate_0177,completed,1,0,22.367780,/home/hzw/Rethinking_GNN_DP/paper_experiments/figure1/search_phase_1/family3/hoa/normal_random/dataset=cora/feature=random_normal/feature_dim=3200/scale=1024/random_normal_mean=0/random_normal_std=0.5/mechanism=mbm/x_eps=inf/m=best/norm=false/smoother=hoa/backbone=sage/use_nfr=false/logs/grid_candidate_0177_attempt_1.log,
grid_candidate_0179,grid,grid_candidate_0179,completed,1,0,22.163634,/home/hzw/Rethinking_GNN_DP/paper_experiments/figure1/search_phase_1/family3/hoa/normal_random/dataset=cora/feature=random_normal/feature_dim=3200/scale=1024/random_normal_mean=0/random_normal_std=0.5/mechanism=mbm/x_eps=inf/m=best/norm=false/smoother=hoa/backbone=sage/use_nfr=false/logs/grid_candidate_0179_attempt_1.log,
grid_candidate_0186,grid,grid_candidate_0186,completed,1,0,21.445252,/home/hzw/Rethinking_GNN_DP/paper_experiments/figure1/search_phase_1/family3/hoa/normal_random/dataset=cora/feature=random_normal/feature_dim=3200/scale=1024/random_normal_mean=0/random_normal_std=0.5/mechanism=mbm/x_eps=inf/m=best/norm=false/smoother=hoa/backbone=sage/use_nfr=false/logs/grid_candidate_0186_attempt_1.log,
grid_candidate_0178,grid,grid_candidate_0178,completed,1,0,22.570181,/home/hzw/Rethinking_GNN_DP/paper_experiments/figure1/search_phase_1/family3/hoa/normal_random/dataset=cora/feature=random_normal/feature_dim=3200/scale=1024/random_normal_mean=0/random_normal_std=0.5/mechanism=mbm/x_eps=inf/m=best/norm=false/smoother=hoa/backbone=sage/use_nfr=false/logs/grid_candidate_0178_attempt_1.log,
grid_candidate_0195,grid,grid_candidate_0195,completed,1,0,16.643040,/home/hzw/Rethinking_GNN_DP/paper_experiments/figure1/search_phase_1/family3/hoa/normal_random/dataset=cora/feature=random_normal/feature_dim=3200/scale=1024/random_normal_mean=0/random_normal_std=0.5/mechanism=mbm/x_eps=inf/m=best/norm=false/smoother=hoa/backbone=sage/use_nfr=false/logs/grid_candidate_0195_attempt_1.log,
grid_candidate_0196,grid,grid_candidate_0196,completed,1,0,16.032185,/home/hzw/Rethinking_GNN_DP/paper_experiments/figure1/search_phase_1/family3/hoa/normal_random/dataset=cora/feature=random_normal/feature_dim=3200/scale=1024/random_normal_mean=0/random_normal_std=0.5/mechanism=mbm/x_eps=inf/m=best/norm=false/smoother=hoa/backbone=sage/use_nfr=false/logs/grid_candidate_0196_attempt_1.log,
grid_candidate_0200,grid,grid_candidate_0200,completed,1,0,13.460005,/home/hzw/Rethinking_GNN_DP/paper_experiments/figure1/search_phase_1/family3/hoa/normal_random/dataset=cora/feature=random_normal/feature_dim=3200/scale=1024/random_normal_mean=0/random_normal_std=0.5/mechanism=mbm/x_eps=inf/m=best/norm=false/smoother=hoa/backbone=sage/use_nfr=false/logs/grid_candidate_0200_attempt_1.log,
grid_candidate_0203,grid,grid_candidate_0203,completed,1,0,14.065994,/home/hzw/Rethinking_GNN_DP/paper_experiments/figure1/search_phase_1/family3/hoa/normal_random/dataset=cora/feature=random_normal/feature_dim=3200/scale=1024/random_normal_mean=0/random_normal_std=0.5/mechanism=mbm/x_eps=inf/m=best/norm=false/smoother=hoa/backbone=sage/use_nfr=false/logs/grid_candidate_0203_attempt_1.log,
grid_candidate_0197,grid,grid_candidate_0197,completed,1,0,16.837127,/home/hzw/Rethinking_GNN_DP/paper_experiments/figure1/search_phase_1/family3/hoa/normal_random/dataset=cora/feature=random_normal/feature_dim=3200/scale=1024/random_normal_mean=0/random_normal_std=0.5/mechanism=mbm/x_eps=inf/m=best/norm=false/smoother=hoa/backbone=sage/use_nfr=false/logs/grid_candidate_0197_attempt_1.log,
grid_candidate_0202,grid,grid_candidate_0202,completed,1,0,14.677425,/home/hzw/Rethinking_GNN_DP/paper_experiments/figure1/search_phase_1/family3/hoa/normal_random/dataset=cora/feature=random_normal/feature_dim=3200/scale=1024/random_normal_mean=0/random_normal_std=0.5/mechanism=mbm/x_eps=inf/m=best/norm=false/smoother=hoa/backbone=sage/use_nfr=false/logs/grid_candidate_0202_attempt_1.log,
grid_candidate_0199,grid,grid_candidate_0199,completed,1,0,16.621610,/home/hzw/Rethinking_GNN_DP/paper_experiments/figure1/search_phase_1/family3/hoa/normal_random/dataset=cora/feature=random_normal/feature_dim=3200/scale=1024/random_normal_mean=0/random_normal_std=0.5/mechanism=mbm/x_eps=inf/m=best/norm=false/smoother=hoa/backbone=sage/use_nfr=false/logs/grid_candidate_0199_attempt_1.log,
grid_candidate_0201,grid,grid_candidate_0201,completed,1,0,16.407466,/home/hzw/Rethinking_GNN_DP/paper_experiments/figure1/search_phase_1/family3/hoa/normal_random/dataset=cora/feature=random_normal/feature_dim=3200/scale=1024/random_normal_mean=0/random_normal_std=0.5/mechanism=mbm/x_eps=inf/m=best/norm=false/smoother=hoa/backbone=sage/use_nfr=false/logs/grid_candidate_0201_attempt_1.log,
grid_candidate_0208,grid,grid_candidate_0208,completed,1,0,15.996252,/home/hzw/Rethinking_GNN_DP/paper_experiments/figure1/search_phase_1/family3/hoa/normal_random/dataset=cora/feature=random_normal/feature_dim=3200/scale=1024/random_normal_mean=0/random_normal_std=0.5/mechanism=mbm/x_eps=inf/m=best/norm=false/smoother=hoa/backbone=sage/use_nfr=false/logs/grid_candidate_0208_attempt_1.log,
grid_candidate_0198,grid,grid_candidate_0198,completed,1,0,18.556640,/home/hzw/Rethinking_GNN_DP/paper_experiments/figure1/search_phase_1/family3/hoa/normal_random/dataset=cora/feature=random_normal/feature_dim=3200/scale=1024/random_normal_mean=0/random_normal_std=0.5/mechanism=mbm/x_eps=inf/m=best/norm=false/smoother=hoa/backbone=sage/use_nfr=false/logs/grid_candidate_0198_attempt_1.log,
grid_candidate_0207,grid,grid_candidate_0207,completed,1,0,18.133186,/home/hzw/Rethinking_GNN_DP/paper_experiments/figure1/search_phase_1/family3/hoa/normal_random/dataset=cora/feature=random_normal/feature_dim=3200/scale=1024/random_normal_mean=0/random_normal_std=0.5/mechanism=mbm/x_eps=inf/m=best/norm=false/smoother=hoa/backbone=sage/use_nfr=false/logs/grid_candidate_0207_attempt_1.log,
grid_candidate_0206,grid,grid_candidate_0206,completed,1,0,19.595312,/home/hzw/Rethinking_GNN_DP/paper_experiments/figure1/search_phase_1/family3/hoa/normal_random/dataset=cora/feature=random_normal/feature_dim=3200/scale=1024/random_normal_mean=0/random_normal_std=0.5/mechanism=mbm/x_eps=inf/m=best/norm=false/smoother=hoa/backbone=sage/use_nfr=false/logs/grid_candidate_0206_attempt_1.log,
grid_candidate_0204,grid,grid_candidate_0204,completed,1,0,20.020320,/home/hzw/Rethinking_GNN_DP/paper_experiments/figure1/search_phase_1/family3/hoa/normal_random/dataset=cora/feature=random_normal/feature_dim=3200/scale=1024/random_normal_mean=0/random_normal_std=0.5/mechanism=mbm/x_eps=inf/m=best/norm=false/smoother=hoa/backbone=sage/use_nfr=false/logs/grid_candidate_0204_attempt_1.log,
grid_candidate_0213,grid,grid_candidate_0213,completed,1,0,19.206359,/home/hzw/Rethinking_GNN_DP/paper_experiments/figure1/search_phase_1/family3/hoa/normal_random/dataset=cora/feature=random_normal/feature_dim=3200/scale=1024/random_normal_mean=0/random_normal_std=0.5/mechanism=mbm/x_eps=inf/m=best/norm=false/smoother=hoa/backbone=sage/use_nfr=false/logs/grid_candidate_0213_attempt_1.log,
grid_candidate_0205,grid,grid_candidate_0205,completed,1,0,21.387478,/home/hzw/Rethinking_GNN_DP/paper_experiments/figure1/search_phase_1/family3/hoa/normal_random/dataset=cora/feature=random_normal/feature_dim=3200/scale=1024/random_normal_mean=0/random_normal_std=0.5/mechanism=mbm/x_eps=inf/m=best/norm=false/smoother=hoa/backbone=sage/use_nfr=false/logs/grid_candidate_0205_attempt_1.log,
grid_candidate_0216,grid,grid_candidate_0216,completed,1,0,20.270542,/home/hzw/Rethinking_GNN_DP/paper_experiments/figure1/search_phase_1/family3/hoa/normal_random/dataset=cora/feature=random_normal/feature_dim=3200/scale=1024/random_normal_mean=0/random_normal_std=0.5/mechanism=mbm/x_eps=inf/m=best/norm=false/smoother=hoa/backbone=sage/use_nfr=false/logs/grid_candidate_0216_attempt_1.log,
grid_candidate_0209,grid,grid_candidate_0209,completed,1,0,21.190045,/home/hzw/Rethinking_GNN_DP/paper_experiments/figure1/search_phase_1/family3/hoa/normal_random/dataset=cora/feature=random_normal/feature_dim=3200/scale=1024/random_normal_mean=0/random_normal_std=0.5/mechanism=mbm/x_eps=inf/m=best/norm=false/smoother=hoa/backbone=sage/use_nfr=false/logs/grid_candidate_0209_attempt_1.log,
grid_candidate_0210,grid,grid_candidate_0210,completed,1,0,21.191201,/home/hzw/Rethinking_GNN_DP/paper_experiments/figure1/search_phase_1/family3/hoa/normal_random/dataset=cora/feature=random_normal/feature_dim=3200/scale=1024/random_normal_mean=0/random_normal_std=0.5/mechanism=mbm/x_eps=inf/m=best/norm=false/smoother=hoa/backbone=sage/use_nfr=false/logs/grid_candidate_0210_attempt_1.log,
grid_candidate_0212,grid,grid_candidate_0212,completed,1,0,21.192251,/home/hzw/Rethinking_GNN_DP/paper_experiments/figure1/search_phase_1/family3/hoa/normal_random/dataset=cora/feature=random_normal/feature_dim=3200/scale=1024/random_normal_mean=0/random_normal_std=0.5/mechanism=mbm/x_eps=inf/m=best/norm=false/smoother=hoa/backbone=sage/use_nfr=false/logs/grid_candidate_0212_attempt_1.log,
grid_candidate_0211,grid,grid_candidate_0211,completed,1,0,21.501700,/home/hzw/Rethinking_GNN_DP/paper_experiments/figure1/search_phase_1/family3/hoa/normal_random/dataset=cora/feature=random_normal/feature_dim=3200/scale=1024/random_normal_mean=0/random_normal_std=0.5/mechanism=mbm/x_eps=inf/m=best/norm=false/smoother=hoa/backbone=sage/use_nfr=false/logs/grid_candidate_0211_attempt_1.log,
grid_candidate_0215,grid,grid_candidate_0215,completed,1,0,21.503431,/home/hzw/Rethinking_GNN_DP/paper_experiments/figure1/search_phase_1/family3/hoa/normal_random/dataset=cora/feature=random_normal/feature_dim=3200/scale=1024/random_normal_mean=0/random_normal_std=0.5/mechanism=mbm/x_eps=inf/m=best/norm=false/smoother=hoa/backbone=sage/use_nfr=false/logs/grid_candidate_0215_attempt_1.log,
grid_candidate_0214,grid,grid_candidate_0214,completed,1,0,21.809589,/home/hzw/Rethinking_GNN_DP/paper_experiments/figure1/search_phase_1/family3/hoa/normal_random/dataset=cora/feature=random_normal/feature_dim=3200/scale=1024/random_normal_mean=0/random_normal_std=0.5/mechanism=mbm/x_eps=inf/m=best/norm=false/smoother=hoa/backbone=sage/use_nfr=false/logs/grid_candidate_0214_attempt_1.log,
grid_rank,verify,grid_rank,completed,1,0,0.203144,/home/hzw/Rethinking_GNN_DP/paper_experiments/figure1/search_phase_1/family3/hoa/normal_random/dataset=cora/feature=random_normal/feature_dim=3200/scale=1024/random_normal_mean=0/random_normal_std=0.5/mechanism=mbm/x_eps=inf/m=best/norm=false/smoother=hoa/backbone=sage/use_nfr=false/logs/grid_rank_attempt_1.log,
verify_rank01_repeat03,verify,verify_rank01_repeat03,completed,1,0,16.864874,/home/hzw/Rethinking_GNN_DP/paper_experiments/figure1/search_phase_1/family3/hoa/normal_random/dataset=cora/feature=random_normal/feature_dim=3200/scale=1024/random_normal_mean=0/random_normal_std=0.5/mechanism=mbm/x_eps=inf/m=best/norm=false/smoother=hoa/backbone=sage/use_nfr=false/logs/verify_rank01_repeat03_attempt_1.log,
verify_rank01_repeat01,verify,verify_rank01_repeat01,completed,1,0,19.710719,/home/hzw/Rethinking_GNN_DP/paper_experiments/figure1/search_phase_1/family3/hoa/normal_random/dataset=cora/feature=random_normal/feature_dim=3200/scale=1024/random_normal_mean=0/random_normal_std=0.5/mechanism=mbm/x_eps=inf/m=best/norm=false/smoother=hoa/backbone=sage/use_nfr=false/logs/verify_rank01_repeat01_attempt_1.log,
verify_rank01_repeat02,verify,verify_rank01_repeat02,completed,1,0,20.745200,/home/hzw/Rethinking_GNN_DP/paper_experiments/figure1/search_phase_1/family3/hoa/normal_random/dataset=cora/feature=random_normal/feature_dim=3200/scale=1024/random_normal_mean=0/random_normal_std=0.5/mechanism=mbm/x_eps=inf/m=best/norm=false/smoother=hoa/backbone=sage/use_nfr=false/logs/verify_rank01_repeat02_attempt_1.log,
verify_rank01_repeat04,verify,verify_rank01_repeat04,completed,1,0,16.183705,/home/hzw/Rethinking_GNN_DP/paper_experiments/figure1/search_phase_1/family3/hoa/normal_random/dataset=cora/feature=random_normal/feature_dim=3200/scale=1024/random_normal_mean=0/random_normal_std=0.5/mechanism=mbm/x_eps=inf/m=best/norm=false/smoother=hoa/backbone=sage/use_nfr=false/logs/verify_rank01_repeat04_attempt_1.log,
verify_rank02_repeat03,verify,verify_rank02_repeat03,completed,1,0,13.966470,/home/hzw/Rethinking_GNN_DP/paper_experiments/figure1/search_phase_1/family3/hoa/normal_random/dataset=cora/feature=random_normal/feature_dim=3200/scale=1024/random_normal_mean=0/random_normal_std=0.5/mechanism=mbm/x_eps=inf/m=best/norm=false/smoother=hoa/backbone=sage/use_nfr=false/logs/verify_rank02_repeat03_attempt_1.log,
verify_rank01_repeat05,verify,verify_rank01_repeat05,completed,1,0,16.749846,/home/hzw/Rethinking_GNN_DP/paper_experiments/figure1/search_phase_1/family3/hoa/normal_random/dataset=cora/feature=random_normal/feature_dim=3200/scale=1024/random_normal_mean=0/random_normal_std=0.5/mechanism=mbm/x_eps=inf/m=best/norm=false/smoother=hoa/backbone=sage/use_nfr=false/logs/verify_rank01_repeat05_attempt_1.log,
verify_rank02_repeat01,verify,verify_rank02_repeat01,completed,1,0,18.174285,/home/hzw/Rethinking_GNN_DP/paper_experiments/figure1/search_phase_1/family3/hoa/normal_random/dataset=cora/feature=random_normal/feature_dim=3200/scale=1024/random_normal_mean=0/random_normal_std=0.5/mechanism=mbm/x_eps=inf/m=best/norm=false/smoother=hoa/backbone=sage/use_nfr=false/logs/verify_rank02_repeat01_attempt_1.log,
verify_rank02_repeat02,verify,verify_rank02_repeat02,completed,1,0,18.992240,/home/hzw/Rethinking_GNN_DP/paper_experiments/figure1/search_phase_1/family3/hoa/normal_random/dataset=cora/feature=random_normal/feature_dim=3200/scale=1024/random_normal_mean=0/random_normal_std=0.5/mechanism=mbm/x_eps=inf/m=best/norm=false/smoother=hoa/backbone=sage/use_nfr=false/logs/verify_rank02_repeat02_attempt_1.log,
verify_rank04_repeat04,verify,verify_rank04_repeat04,completed,1,0,15.713864,/home/hzw/Rethinking_GNN_DP/paper_experiments/figure1/search_phase_1/family3/hoa/normal_random/dataset=cora/feature=random_normal/feature_dim=3200/scale=1024/random_normal_mean=0/random_normal_std=0.5/mechanism=mbm/x_eps=inf/m=best/norm=false/smoother=hoa/backbone=sage/use_nfr=false/logs/verify_rank04_repeat04_attempt_1.log,
verify_rank03_repeat01,verify,verify_rank03_repeat01,completed,1,0,18.163270,/home/hzw/Rethinking_GNN_DP/paper_experiments/figure1/search_phase_1/family3/hoa/normal_random/dataset=cora/feature=random_normal/feature_dim=3200/scale=1024/random_normal_mean=0/random_normal_std=0.5/mechanism=mbm/x_eps=inf/m=best/norm=false/smoother=hoa/backbone=sage/use_nfr=false/logs/verify_rank03_repeat01_attempt_1.log,
verify_rank03_repeat05,verify,verify_rank03_repeat05,completed,1,0,18.284675,/home/hzw/Rethinking_GNN_DP/paper_experiments/figure1/search_phase_1/family3/hoa/normal_random/dataset=cora/feature=random_normal/feature_dim=3200/scale=1024/random_normal_mean=0/random_normal_std=0.5/mechanism=mbm/x_eps=inf/m=best/norm=false/smoother=hoa/backbone=sage/use_nfr=false/logs/verify_rank03_repeat05_attempt_1.log,
verify_rank02_repeat05,verify,verify_rank02_repeat05,completed,1,0,19.723432,/home/hzw/Rethinking_GNN_DP/paper_experiments/figure1/search_phase_1/family3/hoa/normal_random/dataset=cora/feature=random_normal/feature_dim=3200/scale=1024/random_normal_mean=0/random_normal_std=0.5/mechanism=mbm/x_eps=inf/m=best/norm=false/smoother=hoa/backbone=sage/use_nfr=false/logs/verify_rank02_repeat05_attempt_1.log,
verify_rank03_repeat03,verify,verify_rank03_repeat03,completed,1,0,20.579473,/home/hzw/Rethinking_GNN_DP/paper_experiments/figure1/search_phase_1/family3/hoa/normal_random/dataset=cora/feature=random_normal/feature_dim=3200/scale=1024/random_normal_mean=0/random_normal_std=0.5/mechanism=mbm/x_eps=inf/m=best/norm=false/smoother=hoa/backbone=sage/use_nfr=false/logs/verify_rank03_repeat03_attempt_1.log,
verify_rank03_repeat02,verify,verify_rank03_repeat02,completed,1,0,21.293245,/home/hzw/Rethinking_GNN_DP/paper_experiments/figure1/search_phase_1/family3/hoa/normal_random/dataset=cora/feature=random_normal/feature_dim=3200/scale=1024/random_normal_mean=0/random_normal_std=0.5/mechanism=mbm/x_eps=inf/m=best/norm=false/smoother=hoa/backbone=sage/use_nfr=false/logs/verify_rank03_repeat02_attempt_1.log,
verify_rank04_repeat05,verify,verify_rank04_repeat05,completed,1,0,18.659464,/home/hzw/Rethinking_GNN_DP/paper_experiments/figure1/search_phase_1/family3/hoa/normal_random/dataset=cora/feature=random_normal/feature_dim=3200/scale=1024/random_normal_mean=0/random_normal_std=0.5/mechanism=mbm/x_eps=inf/m=best/norm=false/smoother=hoa/backbone=sage/use_nfr=false/logs/verify_rank04_repeat05_attempt_1.log,
verify_rank02_repeat04,verify,verify_rank02_repeat04,completed,1,0,22.815367,/home/hzw/Rethinking_GNN_DP/paper_experiments/figure1/search_phase_1/family3/hoa/normal_random/dataset=cora/feature=random_normal/feature_dim=3200/scale=1024/random_normal_mean=0/random_normal_std=0.5/mechanism=mbm/x_eps=inf/m=best/norm=false/smoother=hoa/backbone=sage/use_nfr=false/logs/verify_rank02_repeat04_attempt_1.log,
verify_rank04_repeat01,verify,verify_rank04_repeat01,completed,1,0,21.395366,/home/hzw/Rethinking_GNN_DP/paper_experiments/figure1/search_phase_1/family3/hoa/normal_random/dataset=cora/feature=random_normal/feature_dim=3200/scale=1024/random_normal_mean=0/random_normal_std=0.5/mechanism=mbm/x_eps=inf/m=best/norm=false/smoother=hoa/backbone=sage/use_nfr=false/logs/verify_rank04_repeat01_attempt_1.log,
verify_rank05_repeat01,verify,verify_rank05_repeat01,completed,1,0,19.066630,/home/hzw/Rethinking_GNN_DP/paper_experiments/figure1/search_phase_1/family3/hoa/normal_random/dataset=cora/feature=random_normal/feature_dim=3200/scale=1024/random_normal_mean=0/random_normal_std=0.5/mechanism=mbm/x_eps=inf/m=best/norm=false/smoother=hoa/backbone=sage/use_nfr=false/logs/verify_rank05_repeat01_attempt_1.log,
verify_rank04_repeat02,verify,verify_rank04_repeat02,completed,1,0,21.496673,/home/hzw/Rethinking_GNN_DP/paper_experiments/figure1/search_phase_1/family3/hoa/normal_random/dataset=cora/feature=random_normal/feature_dim=3200/scale=1024/random_normal_mean=0/random_normal_std=0.5/mechanism=mbm/x_eps=inf/m=best/norm=false/smoother=hoa/backbone=sage/use_nfr=false/logs/verify_rank04_repeat02_attempt_1.log,
verify_rank05_repeat02,verify,verify_rank05_repeat02,completed,1,0,16.435513,/home/hzw/Rethinking_GNN_DP/paper_experiments/figure1/search_phase_1/family3/hoa/normal_random/dataset=cora/feature=random_normal/feature_dim=3200/scale=1024/random_normal_mean=0/random_normal_std=0.5/mechanism=mbm/x_eps=inf/m=best/norm=false/smoother=hoa/backbone=sage/use_nfr=false/logs/verify_rank05_repeat02_attempt_1.log,
verify_rank03_repeat04,verify,verify_rank03_repeat04,completed,1,0,22.409032,/home/hzw/Rethinking_GNN_DP/paper_experiments/figure1/search_phase_1/family3/hoa/normal_random/dataset=cora/feature=random_normal/feature_dim=3200/scale=1024/random_normal_mean=0/random_normal_std=0.5/mechanism=mbm/x_eps=inf/m=best/norm=false/smoother=hoa/backbone=sage/use_nfr=false/logs/verify_rank03_repeat04_attempt_1.log,
verify_rank04_repeat03,verify,verify_rank04_repeat03,completed,1,0,22.410926,/home/hzw/Rethinking_GNN_DP/paper_experiments/figure1/search_phase_1/family3/hoa/normal_random/dataset=cora/feature=random_normal/feature_dim=3200/scale=1024/random_normal_mean=0/random_normal_std=0.5/mechanism=mbm/x_eps=inf/m=best/norm=false/smoother=hoa/backbone=sage/use_nfr=false/logs/verify_rank04_repeat03_attempt_1.log,
verify_rank05_repeat03,verify,verify_rank05_repeat03,completed,1,0,17.753258,/home/hzw/Rethinking_GNN_DP/paper_experiments/figure1/search_phase_1/family3/hoa/normal_random/dataset=cora/feature=random_normal/feature_dim=3200/scale=1024/random_normal_mean=0/random_normal_std=0.5/mechanism=mbm/x_eps=inf/m=best/norm=false/smoother=hoa/backbone=sage/use_nfr=false/logs/verify_rank05_repeat03_attempt_1.log,
verify_rank05_repeat05,verify,verify_rank05_repeat05,completed,1,0,21.086974,/home/hzw/Rethinking_GNN_DP/paper_experiments/figure1/search_phase_1/family3/hoa/normal_random/dataset=cora/feature=random_normal/feature_dim=3200/scale=1024/random_normal_mean=0/random_normal_std=0.5/mechanism=mbm/x_eps=inf/m=best/norm=false/smoother=hoa/backbone=sage/use_nfr=false/logs/verify_rank05_repeat05_attempt_1.log,
verify_rank05_repeat04,verify,verify_rank05_repeat04,completed,1,0,21.420855,/home/hzw/Rethinking_GNN_DP/paper_experiments/figure1/search_phase_1/family3/hoa/normal_random/dataset=cora/feature=random_normal/feature_dim=3200/scale=1024/random_normal_mean=0/random_normal_std=0.5/mechanism=mbm/x_eps=inf/m=best/norm=false/smoother=hoa/backbone=sage/use_nfr=false/logs/verify_rank05_repeat04_attempt_1.log,
verify_finalize,verify,verify_finalize,completed,1,0,0.321041,/home/hzw/Rethinking_GNN_DP/paper_experiments/figure1/search_phase_1/family3/hoa/normal_random/dataset=cora/feature=random_normal/feature_dim=3200/scale=1024/random_normal_mean=0/random_normal_std=0.5/mechanism=mbm/x_eps=inf/m=best/norm=false/smoother=hoa/backbone=sage/use_nfr=false/logs/verify_finalize_attempt_1.log,
