method,backbone,pipeline,candidate_id,source_job_dir,repeat_id,seed,best_epoch,epochs_ran,test_n,num_classes,global_majority_class,global_majority_class_count,global_node_count,majority_class_test_count,majority_baseline_accuracy_pct,test_accuracy_pct,predicted_majority_count,predicted_majority_share_pct,dominant_predicted_class,dominant_predicted_count,dominant_predicted_share_pct,dominant_matches_global_majority,mean_max_probability_pct,correct_predictions,elapsed_sec
LPGNN,gcn,figure3_pipeline1,240,/data/hzw/Rethinking_DP_GNN_runtime/rebuttal_experiments/figure1_heter/actor/gcn/figure3_pipeline1.yaml/dataset=actor/feature=raw/mechanism=mbm/x_eps=10/m=best/norm=false/smoother=kprop/backbone=gcn/use_nfr=false,1,12346,59,209,1900,5,4,1965,7600,497,26.157894736842106,26.105263157894736,1884,99.15789473684211,4,1884,99.15789473684211,1,24.212323129177094,496,5.424523830413818
LPGNN,gcn,figure3_pipeline1,240,/data/hzw/Rethinking_DP_GNN_runtime/rebuttal_experiments/figure1_heter/actor/gcn/figure3_pipeline1.yaml/dataset=actor/feature=raw/mechanism=mbm/x_eps=10/m=best/norm=false/smoother=kprop/backbone=gcn/use_nfr=false,8,12353,42,192,1900,5,4,1965,7600,487,25.63157894736842,24.31578947368421,1423,74.89473684210526,4,1423,74.89473684210526,1,24.764230847358704,462,2.5998458862304688
LPGNN,gcn,figure3_pipeline1,240,/data/hzw/Rethinking_DP_GNN_runtime/rebuttal_experiments/figure1_heter/actor/gcn/figure3_pipeline1.yaml/dataset=actor/feature=raw/mechanism=mbm/x_eps=10/m=best/norm=false/smoother=kprop/backbone=gcn/use_nfr=false,15,12360,67,217,1900,5,4,1965,7600,466,24.526315789473685,24.526315789473685,1888,99.36842105263158,4,1888,99.36842105263158,1,24.40236359834671,466,2.8920137882232666
LPGNN,gcn,figure3_pipeline1,240,/data/hzw/Rethinking_DP_GNN_runtime/rebuttal_experiments/figure1_heter/actor/gcn/figure3_pipeline1.yaml/dataset=actor/feature=raw/mechanism=mbm/x_eps=10/m=best/norm=false/smoother=kprop/backbone=gcn/use_nfr=false,22,12367,50,200,1900,5,4,1965,7600,534,28.105263157894736,27.526315789473685,1627,85.63157894736842,4,1627,85.63157894736842,1,23.224030435085297,523,2.5673811435699463
LPGNN,gcn,figure3_pipeline1,240,/data/hzw/Rethinking_DP_GNN_runtime/rebuttal_experiments/figure1_heter/actor/gcn/figure3_pipeline1.yaml/dataset=actor/feature=raw/mechanism=mbm/x_eps=10/m=best/norm=false/smoother=kprop/backbone=gcn/use_nfr=false,29,12374,47,197,1900,5,4,1965,7600,509,26.789473684210527,26.789473684210527,1863,98.05263157894737,4,1863,98.05263157894737,1,25.324440002441406,509,2.5059165954589844
LPGNN,sage,figure3_pipeline1,178,/data/hzw/Rethinking_DP_GNN_runtime/rebuttal_experiments/figure1_heter/actor/sage/figure3_pipeline1.yaml/dataset=actor/feature=raw/mechanism=mbm/x_eps=10/m=best/norm=false/smoother=kprop/backbone=sage/use_nfr=false,6,12351,135,285,1900,5,4,1965,7600,490,25.789473684210527,25.94736842105263,1434,75.47368421052632,4,1434,75.47368421052632,1,25.94296932220459,493,2.810746669769287
LPGNN,sage,figure3_pipeline1,178,/data/hzw/Rethinking_DP_GNN_runtime/rebuttal_experiments/figure1_heter/actor/sage/figure3_pipeline1.yaml/dataset=actor/feature=raw/mechanism=mbm/x_eps=10/m=best/norm=false/smoother=kprop/backbone=sage/use_nfr=false,13,12358,36,186,1900,5,4,1965,7600,481,25.31578947368421,24.894736842105264,1766,92.94736842105263,4,1766,92.94736842105263,1,27.379032969474792,473,1.9580132961273193
LPGNN,sage,figure3_pipeline1,178,/data/hzw/Rethinking_DP_GNN_runtime/rebuttal_experiments/figure1_heter/actor/sage/figure3_pipeline1.yaml/dataset=actor/feature=raw/mechanism=mbm/x_eps=10/m=best/norm=false/smoother=kprop/backbone=sage/use_nfr=false,20,12365,47,197,1900,5,4,1965,7600,493,25.94736842105263,24.36842105263158,1150,60.526315789473685,4,1150,60.526315789473685,1,26.568856835365295,463,1.8692028522491455
LPGNN,sage,figure3_pipeline1,178,/data/hzw/Rethinking_DP_GNN_runtime/rebuttal_experiments/figure1_heter/actor/sage/figure3_pipeline1.yaml/dataset=actor/feature=raw/mechanism=mbm/x_eps=10/m=best/norm=false/smoother=kprop/backbone=sage/use_nfr=false,27,12372,207,357,1900,5,4,1965,7600,462,24.31578947368421,23.736842105263158,1720,90.52631578947368,4,1720,90.52631578947368,1,27.309101819992065,451,3.6883459091186523
LPGNN,gat,figure3_pipeline1,168,/data/hzw/Rethinking_DP_GNN_runtime/rebuttal_experiments/figure1_heter/actor/gat/figure3_pipeline1.yaml/dataset=actor/feature=raw/mechanism=mbm/x_eps=10/m=best/norm=false/smoother=kprop/backbone=gat/use_nfr=false,4,12349,118,268,1900,5,4,1965,7600,486,25.57894736842105,25.263157894736842,1831,96.36842105263158,4,1831,96.36842105263158,1,30.225610733032227,480,5.821863889694214
LPGNN,gat,figure3_pipeline1,168,/data/hzw/Rethinking_DP_GNN_runtime/rebuttal_experiments/figure1_heter/actor/gat/figure3_pipeline1.yaml/dataset=actor/feature=raw/mechanism=mbm/x_eps=10/m=best/norm=false/smoother=kprop/backbone=gat/use_nfr=false,11,12356,293,443,1900,5,4,1965,7600,495,26.05263157894737,26.157894736842106,1256,66.10526315789474,4,1256,66.10526315789474,1,26.99308693408966,497,9.285926580429077
LPGNN,gat,figure3_pipeline1,168,/data/hzw/Rethinking_DP_GNN_runtime/rebuttal_experiments/figure1_heter/actor/gat/figure3_pipeline1.yaml/dataset=actor/feature=raw/mechanism=mbm/x_eps=10/m=best/norm=false/smoother=kprop/backbone=gat/use_nfr=false,18,12363,5,155,1900,5,4,1965,7600,486,25.57894736842105,26.105263157894736,1846,97.15789473684211,4,1846,97.15789473684211,1,55.87102770805359,496,3.0991146564483643
LPGNN,gat,figure3_pipeline1,168,/data/hzw/Rethinking_DP_GNN_runtime/rebuttal_experiments/figure1_heter/actor/gat/figure3_pipeline1.yaml/dataset=actor/feature=raw/mechanism=mbm/x_eps=10/m=best/norm=false/smoother=kprop/backbone=gat/use_nfr=false,25,12370,322,472,1900,5,4,1965,7600,462,24.31578947368421,23.0,1167,61.421052631578945,4,1167,61.421052631578945,1,26.215890049934387,437,9.229460716247559
PrivGE,gcn,figure3_pipeline2,234,/data/hzw/Rethinking_DP_GNN_runtime/rebuttal_experiments/figure1_heter/actor/gcn/figure3_pipeline2.yaml/dataset=actor/feature=raw/mechanism=hds/x_eps=10/m=best/norm=false/smoother=kprop/backbone=gcn/use_nfr=false,2,12347,10,160,1900,5,4,1965,7600,483,25.42105263157895,25.42105263157895,1889,99.42105263157895,4,1889,99.42105263157895,1,32.58826434612274,483,2.275460720062256
PrivGE,gcn,figure3_pipeline2,234,/data/hzw/Rethinking_DP_GNN_runtime/rebuttal_experiments/figure1_heter/actor/gcn/figure3_pipeline2.yaml/dataset=actor/feature=raw/mechanism=hds/x_eps=10/m=best/norm=false/smoother=kprop/backbone=gcn/use_nfr=false,9,12354,334,484,1900,5,4,1965,7600,516,27.157894736842106,27.157894736842106,1844,97.05263157894737,4,1844,97.05263157894737,1,24.714714288711548,516,5.898895025253296
PrivGE,gcn,figure3_pipeline2,234,/data/hzw/Rethinking_DP_GNN_runtime/rebuttal_experiments/figure1_heter/actor/gcn/figure3_pipeline2.yaml/dataset=actor/feature=raw/mechanism=hds/x_eps=10/m=best/norm=false/smoother=kprop/backbone=gcn/use_nfr=false,16,12361,73,223,1900,5,4,1965,7600,497,26.157894736842106,25.94736842105263,1884,99.15789473684211,4,1884,99.15789473684211,1,23.65144193172455,493,2.8357112407684326
PrivGE,gcn,figure3_pipeline2,234,/data/hzw/Rethinking_DP_GNN_runtime/rebuttal_experiments/figure1_heter/actor/gcn/figure3_pipeline2.yaml/dataset=actor/feature=raw/mechanism=hds/x_eps=10/m=best/norm=false/smoother=kprop/backbone=gcn/use_nfr=false,23,12368,152,302,1900,5,4,1965,7600,457,24.05263157894737,24.105263157894736,1756,92.42105263157895,4,1756,92.42105263157895,1,24.776899814605713,458,3.727553129196167
PrivGE,sage,figure3_pipeline2,252,/data/hzw/Rethinking_DP_GNN_runtime/rebuttal_experiments/figure1_heter/actor/sage/figure3_pipeline2.yaml/dataset=actor/feature=raw/mechanism=hds/x_eps=10/m=best/norm=false/smoother=kprop/backbone=sage/use_nfr=false,0,12345,134,284,1900,5,4,1965,7600,475,25.0,24.63157894736842,870,45.78947368421053,3,1030,54.21052631578947,0,27.294644713401794,468,2.862212657928467
PrivGE,sage,figure3_pipeline2,252,/data/hzw/Rethinking_DP_GNN_runtime/rebuttal_experiments/figure1_heter/actor/sage/figure3_pipeline2.yaml/dataset=actor/feature=raw/mechanism=hds/x_eps=10/m=best/norm=false/smoother=kprop/backbone=sage/use_nfr=false,7,12352,43,193,1900,5,4,1965,7600,509,26.789473684210527,26.842105263157894,1899,99.94736842105263,4,1899,99.94736842105263,1,28.67695689201355,510,1.4406445026397705
PrivGE,sage,figure3_pipeline2,252,/data/hzw/Rethinking_DP_GNN_runtime/rebuttal_experiments/figure1_heter/actor/sage/figure3_pipeline2.yaml/dataset=actor/feature=raw/mechanism=hds/x_eps=10/m=best/norm=false/smoother=kprop/backbone=sage/use_nfr=false,14,12359,40,190,1900,5,4,1965,7600,478,25.157894736842106,25.526315789473685,1714,90.21052631578948,4,1714,90.21052631578948,1,28.05916965007782,485,2.0313074588775635
PrivGE,sage,figure3_pipeline2,252,/data/hzw/Rethinking_DP_GNN_runtime/rebuttal_experiments/figure1_heter/actor/sage/figure3_pipeline2.yaml/dataset=actor/feature=raw/mechanism=hds/x_eps=10/m=best/norm=false/smoother=kprop/backbone=sage/use_nfr=false,21,12366,77,227,1900,5,4,1965,7600,530,27.894736842105264,27.736842105263158,1486,78.21052631578948,4,1486,78.21052631578948,1,23.206841945648193,527,2.3081111907958984
PrivGE,sage,figure3_pipeline2,252,/data/hzw/Rethinking_DP_GNN_runtime/rebuttal_experiments/figure1_heter/actor/sage/figure3_pipeline2.yaml/dataset=actor/feature=raw/mechanism=hds/x_eps=10/m=best/norm=false/smoother=kprop/backbone=sage/use_nfr=false,28,12373,34,184,1900,5,4,1965,7600,486,25.57894736842105,23.63157894736842,825,43.421052631578945,2,1069,56.26315789473684,0,26.890069246292114,449,1.9721612930297852
PrivGE,gat,figure3_pipeline2,117,/data/hzw/Rethinking_DP_GNN_runtime/rebuttal_experiments/figure1_heter/actor/gat/figure3_pipeline2.yaml/dataset=actor/feature=raw/mechanism=hds/x_eps=10/m=best/norm=false/smoother=kprop/backbone=gat/use_nfr=false,5,12350,124,274,1900,5,4,1965,7600,536,28.210526315789473,28.05263157894737,1698,89.36842105263158,4,1698,89.36842105263158,1,26.454922556877136,533,5.714282035827637
PrivGE,gat,figure3_pipeline2,117,/data/hzw/Rethinking_DP_GNN_runtime/rebuttal_experiments/figure1_heter/actor/gat/figure3_pipeline2.yaml/dataset=actor/feature=raw/mechanism=hds/x_eps=10/m=best/norm=false/smoother=kprop/backbone=gat/use_nfr=false,12,12357,102,252,1900,5,4,1965,7600,490,25.789473684210527,23.789473684210527,884,46.526315789473685,3,973,51.21052631578947,0,28.31575572490692,452,4.516706943511963
PrivGE,gat,figure3_pipeline2,117,/data/hzw/Rethinking_DP_GNN_runtime/rebuttal_experiments/figure1_heter/actor/gat/figure3_pipeline2.yaml/dataset=actor/feature=raw/mechanism=hds/x_eps=10/m=best/norm=false/smoother=kprop/backbone=gat/use_nfr=false,19,12364,57,207,1900,5,4,1965,7600,498,26.210526315789473,25.789473684210527,1637,86.15789473684211,4,1637,86.15789473684211,1,29.146400094032288,490,3.9686925411224365
PrivGE,gat,figure3_pipeline2,117,/data/hzw/Rethinking_DP_GNN_runtime/rebuttal_experiments/figure1_heter/actor/gat/figure3_pipeline2.yaml/dataset=actor/feature=raw/mechanism=hds/x_eps=10/m=best/norm=false/smoother=kprop/backbone=gat/use_nfr=false,26,12371,92,242,1900,5,4,1965,7600,488,25.68421052631579,25.105263157894736,1645,86.57894736842105,4,1645,86.57894736842105,1,29.478496313095093,477,4.589829444885254
UPGNet-MBM,gcn,figure3_pipeline3,752,/data/hzw/Rethinking_DP_GNN_runtime/rebuttal_experiments/figure1_heter/actor/gcn/figure3_pipeline3.yaml/dataset=actor/feature=raw/mechanism=mbm/x_eps=10/m=best/norm=false/smoother=hoa/backbone=gcn/use_nfr=true,3,12348,14,164,1900,5,4,1965,7600,537,28.263157894736842,28.05263157894737,1877,98.78947368421052,4,1877,98.78947368421052,1,51.28157138824463,533,2.8614025115966797
UPGNet-MBM,gcn,figure3_pipeline3,752,/data/hzw/Rethinking_DP_GNN_runtime/rebuttal_experiments/figure1_heter/actor/gcn/figure3_pipeline3.yaml/dataset=actor/feature=raw/mechanism=mbm/x_eps=10/m=best/norm=false/smoother=hoa/backbone=gcn/use_nfr=true,10,12355,50,200,1900,5,4,1965,7600,442,23.263157894736842,24.42105263157895,1196,62.94736842105263,4,1196,62.94736842105263,1,29.306671023368835,464,2.9342079162597656
UPGNet-MBM,gcn,figure3_pipeline3,752,/data/hzw/Rethinking_DP_GNN_runtime/rebuttal_experiments/figure1_heter/actor/gcn/figure3_pipeline3.yaml/dataset=actor/feature=raw/mechanism=mbm/x_eps=10/m=best/norm=false/smoother=hoa/backbone=gcn/use_nfr=true,17,12362,67,217,1900,5,4,1965,7600,480,25.263157894736842,25.05263157894737,1516,79.78947368421052,4,1516,79.78947368421052,1,28.690901398658752,476,3.167358636856079
UPGNet-MBM,gcn,figure3_pipeline3,752,/data/hzw/Rethinking_DP_GNN_runtime/rebuttal_experiments/figure1_heter/actor/gcn/figure3_pipeline3.yaml/dataset=actor/feature=raw/mechanism=mbm/x_eps=10/m=best/norm=false/smoother=hoa/backbone=gcn/use_nfr=true,24,12369,53,203,1900,5,4,1965,7600,467,24.57894736842105,25.210526315789473,402,21.157894736842106,3,1462,76.94736842105263,0,27.75161862373352,479,3.103642463684082
UPGNet-MBM,sage,figure3_pipeline3,750,/data/hzw/Rethinking_DP_GNN_runtime/rebuttal_experiments/figure1_heter/actor/sage/figure3_pipeline3.yaml/dataset=actor/feature=raw/mechanism=mbm/x_eps=10/m=best/norm=false/smoother=hoa/backbone=sage/use_nfr=true,1,12346,16,166,1900,5,4,1965,7600,497,26.157894736842106,25.736842105263158,994,52.31578947368421,4,994,52.31578947368421,1,33.96864831447601,489,2.3646085262298584
UPGNet-MBM,sage,figure3_pipeline3,750,/data/hzw/Rethinking_DP_GNN_runtime/rebuttal_experiments/figure1_heter/actor/sage/figure3_pipeline3.yaml/dataset=actor/feature=raw/mechanism=mbm/x_eps=10/m=best/norm=false/smoother=hoa/backbone=sage/use_nfr=true,8,12353,115,265,1900,5,4,1965,7600,487,25.63157894736842,25.42105263157895,1661,87.42105263157895,4,1661,87.42105263157895,1,26.245588064193726,483,3.363950252532959
UPGNet-MBM,sage,figure3_pipeline3,750,/data/hzw/Rethinking_DP_GNN_runtime/rebuttal_experiments/figure1_heter/actor/sage/figure3_pipeline3.yaml/dataset=actor/feature=raw/mechanism=mbm/x_eps=10/m=best/norm=false/smoother=hoa/backbone=sage/use_nfr=true,15,12360,89,239,1900,5,4,1965,7600,466,24.526315789473685,23.36842105263158,1790,94.21052631578948,4,1790,94.21052631578948,1,27.843406796455383,444,2.9998600482940674
UPGNet-MBM,sage,figure3_pipeline3,750,/data/hzw/Rethinking_DP_GNN_runtime/rebuttal_experiments/figure1_heter/actor/sage/figure3_pipeline3.yaml/dataset=actor/feature=raw/mechanism=mbm/x_eps=10/m=best/norm=false/smoother=hoa/backbone=sage/use_nfr=true,22,12367,104,254,1900,5,4,1965,7600,534,28.105263157894736,27.473684210526315,1275,67.10526315789474,4,1275,67.10526315789474,1,25.144943594932556,522,2.723968029022217
UPGNet-MBM,sage,figure3_pipeline3,750,/data/hzw/Rethinking_DP_GNN_runtime/rebuttal_experiments/figure1_heter/actor/sage/figure3_pipeline3.yaml/dataset=actor/feature=raw/mechanism=mbm/x_eps=10/m=best/norm=false/smoother=hoa/backbone=sage/use_nfr=true,29,12374,62,212,1900,5,4,1965,7600,509,26.789473684210527,26.736842105263158,1868,98.3157894736842,4,1868,98.3157894736842,1,25.975507497787476,508,2.4925596714019775
UPGNet-MBM,gat,figure3_pipeline3,1109,/data/hzw/Rethinking_DP_GNN_runtime/rebuttal_experiments/figure1_heter/actor/gat/figure3_pipeline3.yaml/dataset=actor/feature=raw/mechanism=mbm/x_eps=10/m=best/norm=false/smoother=hoa/backbone=gat/use_nfr=true,6,12351,6,156,1900,5,4,1965,7600,490,25.789473684210527,24.789473684210527,1611,84.78947368421052,4,1611,84.78947368421052,1,80.28674721717834,471,3.8398871421813965
UPGNet-MBM,gat,figure3_pipeline3,1109,/data/hzw/Rethinking_DP_GNN_runtime/rebuttal_experiments/figure1_heter/actor/gat/figure3_pipeline3.yaml/dataset=actor/feature=raw/mechanism=mbm/x_eps=10/m=best/norm=false/smoother=hoa/backbone=gat/use_nfr=true,13,12358,100,250,1900,5,4,1965,7600,481,25.31578947368421,25.0,1805,95.0,4,1805,95.0,1,27.1866112947464,475,4.96281623840332
UPGNet-MBM,gat,figure3_pipeline3,1109,/data/hzw/Rethinking_DP_GNN_runtime/rebuttal_experiments/figure1_heter/actor/gat/figure3_pipeline3.yaml/dataset=actor/feature=raw/mechanism=mbm/x_eps=10/m=best/norm=false/smoother=hoa/backbone=gat/use_nfr=true,20,12365,90,240,1900,5,4,1965,7600,493,25.94736842105263,24.736842105263158,1635,86.05263157894737,4,1635,86.05263157894737,1,27.1695613861084,470,5.128348112106323
UPGNet-MBM,gat,figure3_pipeline3,1109,/data/hzw/Rethinking_DP_GNN_runtime/rebuttal_experiments/figure1_heter/actor/gat/figure3_pipeline3.yaml/dataset=actor/feature=raw/mechanism=mbm/x_eps=10/m=best/norm=false/smoother=hoa/backbone=gat/use_nfr=true,27,12372,128,278,1900,5,4,1965,7600,462,24.31578947368421,24.05263157894737,1629,85.73684210526316,4,1629,85.73684210526316,1,26.39961838722229,457,6.126098155975342
UPGNet-PM,gcn,figure3_pipeline4,932,/data/hzw/Rethinking_DP_GNN_runtime/rebuttal_experiments/figure1_heter/actor/gcn/figure3_pipeline4.yaml/dataset=actor/feature=raw/mechanism=pm/x_eps=10/m=best/norm=false/smoother=hoa/backbone=gcn/use_nfr=true,4,12349,55,205,1900,5,4,1965,7600,486,25.57894736842105,25.473684210526315,1778,93.57894736842105,4,1778,93.57894736842105,1,26.74543857574463,484,3.208428144454956
UPGNet-PM,gcn,figure3_pipeline4,932,/data/hzw/Rethinking_DP_GNN_runtime/rebuttal_experiments/figure1_heter/actor/gcn/figure3_pipeline4.yaml/dataset=actor/feature=raw/mechanism=pm/x_eps=10/m=best/norm=false/smoother=hoa/backbone=gcn/use_nfr=true,11,12356,117,267,1900,5,4,1965,7600,495,26.05263157894737,25.789473684210527,1848,97.26315789473684,4,1848,97.26315789473684,1,26.664844155311584,490,3.5466158390045166
UPGNet-PM,gcn,figure3_pipeline4,932,/data/hzw/Rethinking_DP_GNN_runtime/rebuttal_experiments/figure1_heter/actor/gcn/figure3_pipeline4.yaml/dataset=actor/feature=raw/mechanism=pm/x_eps=10/m=best/norm=false/smoother=hoa/backbone=gcn/use_nfr=true,18,12363,11,161,1900,5,4,1965,7600,486,25.57894736842105,25.57894736842105,1891,99.52631578947368,4,1891,99.52631578947368,1,47.91160225868225,486,2.474430799484253
UPGNet-PM,gcn,figure3_pipeline4,932,/data/hzw/Rethinking_DP_GNN_runtime/rebuttal_experiments/figure1_heter/actor/gcn/figure3_pipeline4.yaml/dataset=actor/feature=raw/mechanism=pm/x_eps=10/m=best/norm=false/smoother=hoa/backbone=gcn/use_nfr=true,25,12370,3,153,1900,5,4,1965,7600,462,24.31578947368421,22.736842105263158,810,42.63157894736842,3,1090,57.36842105263158,0,70.28758525848389,432,2.333510637283325
UPGNet-PM,sage,figure3_pipeline4,1158,/data/hzw/Rethinking_DP_GNN_runtime/rebuttal_experiments/figure1_heter/actor/sage/figure3_pipeline4.yaml/dataset=actor/feature=raw/mechanism=pm/x_eps=10/m=best/norm=false/smoother=hoa/backbone=sage/use_nfr=true,2,12347,2,152,1900,5,4,1965,7600,483,25.42105263157895,25.42105263157895,1866,98.21052631578948,4,1866,98.21052631578948,1,46.016326546669006,483,2.0124659538269043
UPGNet-PM,sage,figure3_pipeline4,1158,/data/hzw/Rethinking_DP_GNN_runtime/rebuttal_experiments/figure1_heter/actor/sage/figure3_pipeline4.yaml/dataset=actor/feature=raw/mechanism=pm/x_eps=10/m=best/norm=false/smoother=hoa/backbone=sage/use_nfr=true,9,12354,22,172,1900,5,4,1965,7600,516,27.157894736842106,27.210526315789473,1561,82.15789473684211,4,1561,82.15789473684211,1,27.7631014585495,517,2.446143388748169
UPGNet-PM,sage,figure3_pipeline4,1158,/data/hzw/Rethinking_DP_GNN_runtime/rebuttal_experiments/figure1_heter/actor/sage/figure3_pipeline4.yaml/dataset=actor/feature=raw/mechanism=pm/x_eps=10/m=best/norm=false/smoother=hoa/backbone=sage/use_nfr=true,16,12361,62,212,1900,5,4,1965,7600,497,26.157894736842106,25.36842105263158,1758,92.52631578947368,4,1758,92.52631578947368,1,29.214900732040405,482,2.204075336456299
UPGNet-PM,sage,figure3_pipeline4,1158,/data/hzw/Rethinking_DP_GNN_runtime/rebuttal_experiments/figure1_heter/actor/sage/figure3_pipeline4.yaml/dataset=actor/feature=raw/mechanism=pm/x_eps=10/m=best/norm=false/smoother=hoa/backbone=sage/use_nfr=true,23,12368,47,197,1900,5,4,1965,7600,457,24.05263157894737,24.105263157894736,1822,95.89473684210526,4,1822,95.89473684210526,1,27.761739492416382,458,2.467904806137085
UPGNet-PM,gat,figure3_pipeline4,1129,/data/hzw/Rethinking_DP_GNN_runtime/rebuttal_experiments/figure1_heter/actor/gat/figure3_pipeline4.yaml/dataset=actor/feature=raw/mechanism=pm/x_eps=10/m=best/norm=false/smoother=hoa/backbone=gat/use_nfr=true,0,12345,166,316,1900,5,4,1965,7600,475,25.0,24.31578947368421,751,39.526315789473685,3,1118,58.8421052631579,0,26.490172743797302,462,6.999337434768677
UPGNet-PM,gat,figure3_pipeline4,1129,/data/hzw/Rethinking_DP_GNN_runtime/rebuttal_experiments/figure1_heter/actor/gat/figure3_pipeline4.yaml/dataset=actor/feature=raw/mechanism=pm/x_eps=10/m=best/norm=false/smoother=hoa/backbone=gat/use_nfr=true,7,12352,52,202,1900,5,4,1965,7600,509,26.789473684210527,24.05263157894737,1041,54.78947368421053,4,1041,54.78947368421053,1,25.860324501991272,457,4.543060064315796
UPGNet-PM,gat,figure3_pipeline4,1129,/data/hzw/Rethinking_DP_GNN_runtime/rebuttal_experiments/figure1_heter/actor/gat/figure3_pipeline4.yaml/dataset=actor/feature=raw/mechanism=pm/x_eps=10/m=best/norm=false/smoother=hoa/backbone=gat/use_nfr=true,14,12359,84,234,1900,5,4,1965,7600,478,25.157894736842106,24.736842105263158,1525,80.26315789473684,4,1525,80.26315789473684,1,27.779507637023926,470,4.807605981826782
UPGNet-PM,gat,figure3_pipeline4,1129,/data/hzw/Rethinking_DP_GNN_runtime/rebuttal_experiments/figure1_heter/actor/gat/figure3_pipeline4.yaml/dataset=actor/feature=raw/mechanism=pm/x_eps=10/m=best/norm=false/smoother=hoa/backbone=gat/use_nfr=true,21,12366,135,285,1900,5,4,1965,7600,530,27.894736842105264,27.473684210526315,1669,87.84210526315789,4,1669,87.84210526315789,1,25.443685054779053,522,6.319165468215942
UPGNet-PM,gat,figure3_pipeline4,1129,/data/hzw/Rethinking_DP_GNN_runtime/rebuttal_experiments/figure1_heter/actor/gat/figure3_pipeline4.yaml/dataset=actor/feature=raw/mechanism=pm/x_eps=10/m=best/norm=false/smoother=hoa/backbone=gat/use_nfr=true,28,12373,11,161,1900,5,4,1965,7600,486,25.57894736842105,26.157894736842106,1689,88.89473684210526,4,1689,88.89473684210526,1,35.894614458084106,497,3.560560464859009
FeatFree,gcn,featfree,119,/data/hzw/Rethinking_DP_GNN_runtime/rebuttal_experiments/featfree_heter/HOA/actor/gcn/random_projected.yaml/dataset=actor/feature=random_normal/feature_dim=932/random_normal_mean=0/random_normal_std=1/mechanism=mbm/x_eps=inf/m=best/norm=false/smoother=hoa/backbone=gcn/use_nfr=false,5,12350,15,165,1900,5,4,1965,7600,536,28.210526315789473,26.05263157894737,1112,58.526315789473685,4,1112,58.526315789473685,1,25.77493190765381,495,2.4553639888763428
FeatFree,gcn,featfree,119,/data/hzw/Rethinking_DP_GNN_runtime/rebuttal_experiments/featfree_heter/HOA/actor/gcn/random_projected.yaml/dataset=actor/feature=random_normal/feature_dim=932/random_normal_mean=0/random_normal_std=1/mechanism=mbm/x_eps=inf/m=best/norm=false/smoother=hoa/backbone=gcn/use_nfr=false,12,12357,3,153,1900,5,4,1965,7600,490,25.789473684210527,26.263157894736842,1435,75.52631578947368,4,1435,75.52631578947368,1,26.810473203659058,499,1.9761779308319092
FeatFree,gcn,featfree,119,/data/hzw/Rethinking_DP_GNN_runtime/rebuttal_experiments/featfree_heter/HOA/actor/gcn/random_projected.yaml/dataset=actor/feature=random_normal/feature_dim=932/random_normal_mean=0/random_normal_std=1/mechanism=mbm/x_eps=inf/m=best/norm=false/smoother=hoa/backbone=gcn/use_nfr=false,19,12364,2,152,1900,5,4,1965,7600,498,26.210526315789473,25.31578947368421,1489,78.36842105263158,4,1489,78.36842105263158,1,25.316083431243896,481,1.8785216808319092
FeatFree,gcn,featfree,119,/data/hzw/Rethinking_DP_GNN_runtime/rebuttal_experiments/featfree_heter/HOA/actor/gcn/random_projected.yaml/dataset=actor/feature=random_normal/feature_dim=932/random_normal_mean=0/random_normal_std=1/mechanism=mbm/x_eps=inf/m=best/norm=false/smoother=hoa/backbone=gcn/use_nfr=false,26,12371,3,153,1900,5,4,1965,7600,488,25.68421052631579,25.789473684210527,1029,54.1578947368421,4,1029,54.1578947368421,1,25.561079382896423,490,2.0088837146759033
FeatFree,sage,featfree,223,/data/hzw/Rethinking_DP_GNN_runtime/rebuttal_experiments/featfree_heter/HOA/actor/sage/random_projected.yaml/dataset=actor/feature=random_normal/feature_dim=932/random_normal_mean=0/random_normal_std=1/mechanism=mbm/x_eps=inf/m=best/norm=false/smoother=hoa/backbone=sage/use_nfr=false,3,12348,21,171,1900,5,4,1965,7600,537,28.263157894736842,27.31578947368421,1337,70.36842105263158,4,1337,70.36842105263158,1,26.009079813957214,519,1.5839462280273438
FeatFree,sage,featfree,223,/data/hzw/Rethinking_DP_GNN_runtime/rebuttal_experiments/featfree_heter/HOA/actor/sage/random_projected.yaml/dataset=actor/feature=random_normal/feature_dim=932/random_normal_mean=0/random_normal_std=1/mechanism=mbm/x_eps=inf/m=best/norm=false/smoother=hoa/backbone=sage/use_nfr=false,10,12355,52,202,1900,5,4,1965,7600,442,23.263157894736842,23.36842105263158,1411,74.26315789473684,4,1411,74.26315789473684,1,27.223259210586548,444,1.9009909629821777
FeatFree,sage,featfree,223,/data/hzw/Rethinking_DP_GNN_runtime/rebuttal_experiments/featfree_heter/HOA/actor/sage/random_projected.yaml/dataset=actor/feature=random_normal/feature_dim=932/random_normal_mean=0/random_normal_std=1/mechanism=mbm/x_eps=inf/m=best/norm=false/smoother=hoa/backbone=sage/use_nfr=false,17,12362,21,171,1900,5,4,1965,7600,480,25.263157894736842,24.36842105263158,1614,84.94736842105263,4,1614,84.94736842105263,1,26.989001035690308,463,1.850740671157837
FeatFree,sage,featfree,223,/data/hzw/Rethinking_DP_GNN_runtime/rebuttal_experiments/featfree_heter/HOA/actor/sage/random_projected.yaml/dataset=actor/feature=random_normal/feature_dim=932/random_normal_mean=0/random_normal_std=1/mechanism=mbm/x_eps=inf/m=best/norm=false/smoother=hoa/backbone=sage/use_nfr=false,24,12369,23,173,1900,5,4,1965,7600,467,24.57894736842105,24.94736842105263,1238,65.15789473684211,4,1238,65.15789473684211,1,27.073568105697632,474,1.385185956954956
FeatFree,gat,featfree,224,/data/hzw/Rethinking_DP_GNN_runtime/rebuttal_experiments/featfree_heter/HOA/actor/gat/random_projected.yaml/dataset=actor/feature=random_normal/feature_dim=932/random_normal_mean=0/random_normal_std=1/mechanism=mbm/x_eps=inf/m=best/norm=false/smoother=hoa/backbone=gat/use_nfr=false,1,12346,22,172,1900,5,4,1965,7600,497,26.157894736842106,25.94736842105263,1487,78.26315789473684,4,1487,78.26315789473684,1,27.006179094314575,493,3.4848828315734863
FeatFree,gat,featfree,224,/data/hzw/Rethinking_DP_GNN_runtime/rebuttal_experiments/featfree_heter/HOA/actor/gat/random_projected.yaml/dataset=actor/feature=random_normal/feature_dim=932/random_normal_mean=0/random_normal_std=1/mechanism=mbm/x_eps=inf/m=best/norm=false/smoother=hoa/backbone=gat/use_nfr=false,8,12353,65,215,1900,5,4,1965,7600,487,25.63157894736842,25.105263157894736,1615,85.0,4,1615,85.0,1,26.96034014225006,477,4.132507562637329
FeatFree,gat,featfree,224,/data/hzw/Rethinking_DP_GNN_runtime/rebuttal_experiments/featfree_heter/HOA/actor/gat/random_projected.yaml/dataset=actor/feature=random_normal/feature_dim=932/random_normal_mean=0/random_normal_std=1/mechanism=mbm/x_eps=inf/m=best/norm=false/smoother=hoa/backbone=gat/use_nfr=false,15,12360,76,226,1900,5,4,1965,7600,466,24.526315789473685,24.263157894736842,1567,82.47368421052632,4,1567,82.47368421052632,1,29.098206758499146,461,4.580106496810913
FeatFree,gat,featfree,224,/data/hzw/Rethinking_DP_GNN_runtime/rebuttal_experiments/featfree_heter/HOA/actor/gat/random_projected.yaml/dataset=actor/feature=random_normal/feature_dim=932/random_normal_mean=0/random_normal_std=1/mechanism=mbm/x_eps=inf/m=best/norm=false/smoother=hoa/backbone=gat/use_nfr=false,22,12367,24,174,1900,5,4,1965,7600,534,28.105263157894736,27.736842105263158,1472,77.47368421052632,4,1472,77.47368421052632,1,26.92224383354187,527,3.738571882247925
FeatFree,gat,featfree,224,/data/hzw/Rethinking_DP_GNN_runtime/rebuttal_experiments/featfree_heter/HOA/actor/gat/random_projected.yaml/dataset=actor/feature=random_normal/feature_dim=932/random_normal_mean=0/random_normal_std=1/mechanism=mbm/x_eps=inf/m=best/norm=false/smoother=hoa/backbone=gat/use_nfr=false,29,12374,5,155,1900,5,4,1965,7600,509,26.789473684210527,26.736842105263158,1870,98.42105263157895,4,1870,98.42105263157895,1,27.967029809951782,508,3.3202290534973145
